{
  "type": "FeatureCollection",
  "metadata": {
    "title": "H3AT 2020 measured afternoon air temperatures near NRG Park",
    "source": "https://services2.arcgis.com/LYMgRMwHfrWWEg3s/arcgis/rest/services/Heat_Watch_CAPA_Houston_Harris_Temp_Traverse_Points_AF_2020/FeatureServer/0",
    "sourceItem": "https://www.arcgis.com/home/item.html?id=d8dd6004e1ab4dccbfb36a5992f480bc",
    "accessedAt": "2026-09-18",
    "measurementDate": "2020-08-07",
    "campaignWindowLocal": "15:00\u201316:00 America/Chicago",
    "filterBoundsWGS84": [
      -95.431,
      29.667,
      -95.39,
      29.704
    ],
    "units": "degrees Fahrenheit",
    "count": 654,
    "min": 93.2,
    "max": 96.62,
    "mean": 94.7,
    "attribution": "CAPA Strategies; Houston Advanced Research Center; Houston Harris Heat Action Team",
    "limitation": "Historical mobile-sensor street observations on a single day. Not a current forecast, not land-surface temperature, not canopy or corridor shade measurements. Points are spatially autocorrelated; summary is a sample summary, not an area-wide average. Do not extrapolate into unsampled stadium interior."
  },
  "features": [
    {
      "type": "Feature",
      "geometry": {
        "type": "Point",
        "coordinates": [
          -95.4123999997602,
          29.6893483335588
        ]
      },
      "properties": {
        "id": 58974,
        "temperatureF": 94.82,
        "localTime": "2020-08-07 15:01:00"
      }
    },
    {
      "type": "Feature",
      "geometry": {
        "type": "Point",
        "coordinates": [
          -95.4124066664345,
          29.6894833334891
        ]
      },
      "properties": {
        "id": 58975,
        "temperatureF": 94.64,
        "localTime": "2020-08-07 15:01:00"
      }
    },
    {
      "type": "Feature",
      "geometry": {
        "type": "Point",
        "coordinates": [
          -95.4124149995525,
          29.6897450002316
        ]
      },
      "properties": {
        "id": 58976,
        "temperatureF": 94.46,
        "localTime": "2020-08-07 15:01:00"
      }
    },
    {
      "type": "Feature",
      "geometry": {
        "type": "Point",
        "coordinates": [
          -95.4124216662269,
          29.6898716670439
        ]
      },
      "properties": {
        "id": 58977,
        "temperatureF": 94.46,
        "localTime": "2020-08-07 15:01:00"
      }
    },
    {
      "type": "Feature",
      "geometry": {
        "type": "Point",
        "coordinates": [
          -95.4124266664575,
          29.6899933336255
        ]
      },
      "properties": {
        "id": 58978,
        "temperatureF": 94.46,
        "localTime": "2020-08-07 15:01:00"
      }
    },
    {
      "type": "Feature",
      "geometry": {
        "type": "Point",
        "coordinates": [
          -95.4124333331318,
          29.6901083335328
        ]
      },
      "properties": {
        "id": 58979,
        "temperatureF": 94.46,
        "localTime": "2020-08-07 15:01:00"
      }
    },
    {
      "type": "Feature",
      "geometry": {
        "type": "Point",
        "coordinates": [
          -95.4124333331318,
          29.6901083335328
        ]
      },
      "properties": {
        "id": 58980,
        "temperatureF": 94.46,
        "localTime": "2020-08-07 15:01:00"
      }
    },
    {
      "type": "Feature",
      "geometry": {
        "type": "Point",
        "coordinates": [
          -95.4124399998061,
          29.690315000437
        ]
      },
      "properties": {
        "id": 58981,
        "temperatureF": 94.46,
        "localTime": "2020-08-07 15:01:00"
      }
    },
    {
      "type": "Feature",
      "geometry": {
        "type": "Point",
        "coordinates": [
          -95.4124433335929,
          29.6904083329782
        ]
      },
      "properties": {
        "id": 58982,
        "temperatureF": 94.28,
        "localTime": "2020-08-07 15:01:00"
      }
    },
    {
      "type": "Feature",
      "geometry": {
        "type": "Point",
        "coordinates": [
          -95.4124466664804,
          29.6904900004133
        ]
      },
      "properties": {
        "id": 58983,
        "temperatureF": 94.28,
        "localTime": "2020-08-07 15:01:00"
      }
    },
    {
      "type": "Feature",
      "geometry": {
        "type": "Point",
        "coordinates": [
          -95.4124483329242,
          29.6905566662572
        ]
      },
      "properties": {
        "id": 58984,
        "temperatureF": 94.1,
        "localTime": "2020-08-07 15:01:00"
      }
    },
    {
      "type": "Feature",
      "geometry": {
        "type": "Point",
        "coordinates": [
          -95.412451666711,
          29.6906099996518
        ]
      },
      "properties": {
        "id": 58985,
        "temperatureF": 94.1,
        "localTime": "2020-08-07 15:01:00"
      }
    },
    {
      "type": "Feature",
      "geometry": {
        "type": "Point",
        "coordinates": [
          -95.4124533331548,
          29.6906499996978
        ]
      },
      "properties": {
        "id": 58986,
        "temperatureF": 94.1,
        "localTime": "2020-08-07 15:01:00"
      }
    },
    {
      "type": "Feature",
      "geometry": {
        "type": "Point",
        "coordinates": [
          -95.412451666711,
          29.6906749999513
        ]
      },
      "properties": {
        "id": 58987,
        "temperatureF": 94.1,
        "localTime": "2020-08-07 15:01:00"
      }
    },
    {
      "type": "Feature",
      "geometry": {
        "type": "Point",
        "coordinates": [
          -95.4124466664804,
          29.6907316662335
        ]
      },
      "properties": {
        "id": 58988,
        "temperatureF": 94.46,
        "localTime": "2020-08-07 15:01:00"
      }
    },
    {
      "type": "Feature",
      "geometry": {
        "type": "Point",
        "coordinates": [
          -95.4124250000137,
          29.6907499998127
        ]
      },
      "properties": {
        "id": 58989,
        "temperatureF": 94.46,
        "localTime": "2020-08-07 15:01:00"
      }
    },
    {
      "type": "Feature",
      "geometry": {
        "type": "Point",
        "coordinates": [
          -95.4123900001983,
          29.6907633331613
        ]
      },
      "properties": {
        "id": 58990,
        "temperatureF": 94.46,
        "localTime": "2020-08-07 15:01:00"
      }
    },
    {
      "type": "Feature",
      "geometry": {
        "type": "Point",
        "coordinates": [
          -95.412343333478,
          29.6907683333919
        ]
      },
      "properties": {
        "id": 58991,
        "temperatureF": 94.46,
        "localTime": "2020-08-07 15:01:00"
      }
    },
    {
      "type": "Feature",
      "geometry": {
        "type": "Point",
        "coordinates": [
          -95.4122766667347,
          29.6907633331613
        ]
      },
      "properties": {
        "id": 58992,
        "temperatureF": 94.46,
        "localTime": "2020-08-07 15:01:00"
      }
    },
    {
      "type": "Feature",
      "geometry": {
        "type": "Point",
        "coordinates": [
          -95.4121933337553,
          29.6907600002738
        ]
      },
      "properties": {
        "id": 58993,
        "temperatureF": 94.46,
        "localTime": "2020-08-07 15:01:00"
      }
    },
    {
      "type": "Feature",
      "geometry": {
        "type": "Point",
        "coordinates": [
          -95.4121000003148,
          29.6907600002738
        ]
      },
      "properties": {
        "id": 58994,
        "temperatureF": 94.46,
        "localTime": "2020-08-07 15:01:00"
      }
    },
    {
      "type": "Feature",
      "geometry": {
        "type": "Point",
        "coordinates": [
          -95.4119933335254,
          29.6907600002738
        ]
      },
      "properties": {
        "id": 58995,
        "temperatureF": 94.46,
        "localTime": "2020-08-07 15:01:00"
      }
    },
    {
      "type": "Feature",
      "geometry": {
        "type": "Point",
        "coordinates": [
          -95.4118783336182,
          29.6907633331613
        ]
      },
      "properties": {
        "id": 58996,
        "temperatureF": 94.28,
        "localTime": "2020-08-07 15:01:00"
      }
    },
    {
      "type": "Feature",
      "geometry": {
        "type": "Point",
        "coordinates": [
          -95.4117583334803,
          29.6907666669481
        ]
      },
      "properties": {
        "id": 58997,
        "temperatureF": 94.28,
        "localTime": "2020-08-07 15:01:00"
      }
    },
    {
      "type": "Feature",
      "geometry": {
        "type": "Point",
        "coordinates": [
          -95.4116366668986,
          29.6907716662794
        ]
      },
      "properties": {
        "id": 58998,
        "temperatureF": 94.1,
        "localTime": "2020-08-07 15:01:00"
      }
    },
    {
      "type": "Feature",
      "geometry": {
        "type": "Point",
        "coordinates": [
          -95.4115116665301,
          29.6907750000663
        ]
      },
      "properties": {
        "id": 58999,
        "temperatureF": 94.1,
        "localTime": "2020-08-07 15:01:00"
      }
    },
    {
      "type": "Feature",
      "geometry": {
        "type": "Point",
        "coordinates": [
          -95.4113800003867,
          29.6907733336225
        ]
      },
      "properties": {
        "id": 59000,
        "temperatureF": 94.1,
        "localTime": "2020-08-07 15:01:00"
      }
    },
    {
      "type": "Feature",
      "geometry": {
        "type": "Point",
        "coordinates": [
          -95.4112483333438,
          29.6907750000663
        ]
      },
      "properties": {
        "id": 59001,
        "temperatureF": 94.1,
        "localTime": "2020-08-07 15:01:00"
      }
    },
    {
      "type": "Feature",
      "geometry": {
        "type": "Point",
        "coordinates": [
          -95.4111200000879,
          29.69077666651
        ]
      },
      "properties": {
        "id": 59002,
        "temperatureF": 94.1,
        "localTime": "2020-08-07 15:01:00"
      }
    },
    {
      "type": "Feature",
      "geometry": {
        "type": "Point",
        "coordinates": [
          -95.4109850001576,
          29.6907733336225
        ]
      },
      "properties": {
        "id": 59003,
        "temperatureF": 94.1,
        "localTime": "2020-08-07 15:01:00"
      }
    },
    {
      "type": "Feature",
      "geometry": {
        "type": "Point",
        "coordinates": [
          -95.410851666671,
          29.6907750000663
        ]
      },
      "properties": {
        "id": 59004,
        "temperatureF": 94.1,
        "localTime": "2020-08-07 15:01:00"
      }
    },
    {
      "type": "Feature",
      "geometry": {
        "type": "Point",
        "coordinates": [
          -95.410586667041,
          29.6907849996281
        ]
      },
      "properties": {
        "id": 59005,
        "temperatureF": 94.1,
        "localTime": "2020-08-07 15:01:00"
      }
    },
    {
      "type": "Feature",
      "geometry": {
        "type": "Point",
        "coordinates": [
          -95.4104583328857,
          29.6908016667635
        ]
      },
      "properties": {
        "id": 59006,
        "temperatureF": 94.1,
        "localTime": "2020-08-07 15:01:00"
      }
    },
    {
      "type": "Feature",
      "geometry": {
        "type": "Point",
        "coordinates": [
          -95.4104583328857,
          29.6908016667635
        ]
      },
      "properties": {
        "id": 59007,
        "temperatureF": 94.1,
        "localTime": "2020-08-07 15:01:00"
      }
    },
    {
      "type": "Feature",
      "geometry": {
        "type": "Point",
        "coordinates": [
          -95.4102033337168,
          29.6908633332762
        ]
      },
      "properties": {
        "id": 59008,
        "temperatureF": 94.28,
        "localTime": "2020-08-07 15:01:00"
      }
    },
    {
      "type": "Feature",
      "geometry": {
        "type": "Point",
        "coordinates": [
          -95.4100816662359,
          29.6908983330916
        ]
      },
      "properties": {
        "id": 59009,
        "temperatureF": 94.28,
        "localTime": "2020-08-07 15:01:00"
      }
    },
    {
      "type": "Feature",
      "geometry": {
        "type": "Point",
        "coordinates": [
          -95.4099616669973,
          29.6909316664633
        ]
      },
      "properties": {
        "id": 59010,
        "temperatureF": 94.28,
        "localTime": "2020-08-07 15:01:00"
      }
    },
    {
      "type": "Feature",
      "geometry": {
        "type": "Point",
        "coordinates": [
          -95.4098416668594,
          29.6909683336218
        ]
      },
      "properties": {
        "id": 59011,
        "temperatureF": 94.28,
        "localTime": "2020-08-07 15:01:00"
      }
    },
    {
      "type": "Feature",
      "geometry": {
        "type": "Point",
        "coordinates": [
          -95.4097233331652,
          29.6909983332065
        ]
      },
      "properties": {
        "id": 59012,
        "temperatureF": 94.46,
        "localTime": "2020-08-07 15:01:00"
      }
    },
    {
      "type": "Feature",
      "geometry": {
        "type": "Point",
        "coordinates": [
          -95.4096033330273,
          29.6910283336907
        ]
      },
      "properties": {
        "id": 59013,
        "temperatureF": 94.46,
        "localTime": "2020-08-07 15:01:00"
      }
    },
    {
      "type": "Feature",
      "geometry": {
        "type": "Point",
        "coordinates": [
          -95.4094833328895,
          29.6910566668317
        ]
      },
      "properties": {
        "id": 59014,
        "temperatureF": 94.46,
        "localTime": "2020-08-07 15:01:00"
      }
    },
    {
      "type": "Feature",
      "geometry": {
        "type": "Point",
        "coordinates": [
          -95.4093616663078,
          29.6910849999728
        ]
      },
      "properties": {
        "id": 59015,
        "temperatureF": 94.46,
        "localTime": "2020-08-07 15:01:00"
      }
    },
    {
      "type": "Feature",
      "geometry": {
        "type": "Point",
        "coordinates": [
          -95.409243333513,
          29.6911166669007
        ]
      },
      "properties": {
        "id": 59016,
        "temperatureF": 94.46,
        "localTime": "2020-08-07 15:01:00"
      }
    },
    {
      "type": "Feature",
      "geometry": {
        "type": "Point",
        "coordinates": [
          -95.4091233333751,
          29.6911450000418
        ]
      },
      "properties": {
        "id": 59017,
        "temperatureF": 94.46,
        "localTime": "2020-08-07 15:01:00"
      }
    },
    {
      "type": "Feature",
      "geometry": {
        "type": "Point",
        "coordinates": [
          -95.4090016667935,
          29.6911716667391
        ]
      },
      "properties": {
        "id": 59018,
        "temperatureF": 94.28,
        "localTime": "2020-08-07 15:01:00"
      }
    },
    {
      "type": "Feature",
      "geometry": {
        "type": "Point",
        "coordinates": [
          -95.408878333768,
          29.6911933332058
        ]
      },
      "properties": {
        "id": 59019,
        "temperatureF": 94.28,
        "localTime": "2020-08-07 15:01:00"
      }
    },
    {
      "type": "Feature",
      "geometry": {
        "type": "Point",
        "coordinates": [
          -95.4087583336301,
          29.6912133332288
        ]
      },
      "properties": {
        "id": 59020,
        "temperatureF": 94.46,
        "localTime": "2020-08-07 15:01:00"
      }
    },
    {
      "type": "Feature",
      "geometry": {
        "type": "Point",
        "coordinates": [
          -95.4086383334923,
          29.6912316668081
        ]
      },
      "properties": {
        "id": 59021,
        "temperatureF": 94.46,
        "localTime": "2020-08-07 15:01:00"
      }
    },
    {
      "type": "Feature",
      "geometry": {
        "type": "Point",
        "coordinates": [
          -95.4085233335849,
          29.6912416663699
        ]
      },
      "properties": {
        "id": 59022,
        "temperatureF": 94.46,
        "localTime": "2020-08-07 15:01:00"
      }
    },
    {
      "type": "Feature",
      "geometry": {
        "type": "Point",
        "coordinates": [
          -95.4084133330089,
          29.691251666831
        ]
      },
      "properties": {
        "id": 59023,
        "temperatureF": 94.46,
        "localTime": "2020-08-07 15:01:00"
      }
    },
    {
      "type": "Feature",
      "geometry": {
        "type": "Point",
        "coordinates": [
          -95.408313332894,
          29.6912583335053
        ]
      },
      "properties": {
        "id": 59024,
        "temperatureF": 94.46,
        "localTime": "2020-08-07 15:01:00"
      }
    },
    {
      "type": "Feature",
      "geometry": {
        "type": "Point",
        "coordinates": [
          -95.4082216667965,
          29.6912633337359
        ]
      },
      "properties": {
        "id": 59025,
        "temperatureF": 94.46,
        "localTime": "2020-08-07 15:01:00"
      }
    },
    {
      "type": "Feature",
      "geometry": {
        "type": "Point",
        "coordinates": [
          -95.4081383329177,
          29.6912666666234
        ]
      },
      "properties": {
        "id": 59026,
        "temperatureF": 94.46,
        "localTime": "2020-08-07 15:01:00"
      }
    },
    {
      "type": "Feature",
      "geometry": {
        "type": "Point",
        "coordinates": [
          -95.4080683332869,
          29.6912700004103
        ]
      },
      "properties": {
        "id": 59027,
        "temperatureF": 94.46,
        "localTime": "2020-08-07 15:01:00"
      }
    },
    {
      "type": "Feature",
      "geometry": {
        "type": "Point",
        "coordinates": [
          -95.4080099996617,
          29.6912733332978
        ]
      },
      "properties": {
        "id": 59028,
        "temperatureF": 94.46,
        "localTime": "2020-08-07 15:01:00"
      }
    },
    {
      "type": "Feature",
      "geometry": {
        "type": "Point",
        "coordinates": [
          -95.4079650002845,
          29.6912749997415
        ]
      },
      "properties": {
        "id": 59029,
        "temperatureF": 94.46,
        "localTime": "2020-08-07 15:02:00"
      }
    },
    {
      "type": "Feature",
      "geometry": {
        "type": "Point",
        "coordinates": [
          -95.4079366662441,
          29.6912749997415
        ]
      },
      "properties": {
        "id": 59030,
        "temperatureF": 94.46,
        "localTime": "2020-08-07 15:02:00"
      }
    },
    {
      "type": "Feature",
      "geometry": {
        "type": "Point",
        "coordinates": [
          -95.4079216664517,
          29.6912733332978
        ]
      },
      "properties": {
        "id": 59031,
        "temperatureF": 94.46,
        "localTime": "2020-08-07 15:02:00"
      }
    },
    {
      "type": "Feature",
      "geometry": {
        "type": "Point",
        "coordinates": [
          -95.4078933333107,
          29.6912700004103
        ]
      },
      "properties": {
        "id": 59032,
        "temperatureF": 94.46,
        "localTime": "2020-08-07 15:02:00"
      }
    },
    {
      "type": "Feature",
      "geometry": {
        "type": "Point",
        "coordinates": [
          -95.407859999939,
          29.6912749997415
        ]
      },
      "properties": {
        "id": 59033,
        "temperatureF": 94.64,
        "localTime": "2020-08-07 15:02:00"
      }
    },
    {
      "type": "Feature",
      "geometry": {
        "type": "Point",
        "coordinates": [
          -95.407811666775,
          29.6912816664158
        ]
      },
      "properties": {
        "id": 59034,
        "temperatureF": 94.64,
        "localTime": "2020-08-07 15:02:00"
      }
    },
    {
      "type": "Feature",
      "geometry": {
        "type": "Point",
        "coordinates": [
          -95.407751666706,
          29.6912900004332
        ]
      },
      "properties": {
        "id": 59035,
        "temperatureF": 94.64,
        "localTime": "2020-08-07 15:02:00"
      }
    },
    {
      "type": "Feature",
      "geometry": {
        "type": "Point",
        "coordinates": [
          -95.4076016669833,
          29.6912999999951
        ]
      },
      "properties": {
        "id": 59036,
        "temperatureF": 94.64,
        "localTime": "2020-08-07 15:02:00"
      }
    },
    {
      "type": "Feature",
      "geometry": {
        "type": "Point",
        "coordinates": [
          -95.4075200004476,
          29.6913050002256
        ]
      },
      "properties": {
        "id": 59037,
        "temperatureF": 94.46,
        "localTime": "2020-08-07 15:02:00"
      }
    },
    {
      "type": "Feature",
      "geometry": {
        "type": "Point",
        "coordinates": [
          -95.4074333336814,
          29.6913083331131
        ]
      },
      "properties": {
        "id": 59038,
        "temperatureF": 94.46,
        "localTime": "2020-08-07 15:02:00"
      }
    },
    {
      "type": "Feature",
      "geometry": {
        "type": "Point",
        "coordinates": [
          -95.4071499995728,
          29.6913099995569
        ]
      },
      "properties": {
        "id": 59039,
        "temperatureF": 94.46,
        "localTime": "2020-08-07 15:02:00"
      }
    },
    {
      "type": "Feature",
      "geometry": {
        "type": "Point",
        "coordinates": [
          -95.4070483330141,
          29.6913116668999
        ]
      },
      "properties": {
        "id": 59040,
        "temperatureF": 94.46,
        "localTime": "2020-08-07 15:02:00"
      }
    },
    {
      "type": "Feature",
      "geometry": {
        "type": "Point",
        "coordinates": [
          -95.4069416662249,
          29.6913183335743
        ]
      },
      "properties": {
        "id": 59041,
        "temperatureF": 94.28,
        "localTime": "2020-08-07 15:02:00"
      }
    },
    {
      "type": "Feature",
      "geometry": {
        "type": "Point",
        "coordinates": [
          -95.4068333329919,
          29.6913183335743
        ]
      },
      "properties": {
        "id": 59042,
        "temperatureF": 94.28,
        "localTime": "2020-08-07 15:02:00"
      }
    },
    {
      "type": "Feature",
      "geometry": {
        "type": "Point",
        "coordinates": [
          -95.4067233333151,
          29.6913166662312
        ]
      },
      "properties": {
        "id": 59043,
        "temperatureF": 94.28,
        "localTime": "2020-08-07 15:02:00"
      }
    },
    {
      "type": "Feature",
      "geometry": {
        "type": "Point",
        "coordinates": [
          -95.4066116662953,
          29.6913149997874
        ]
      },
      "properties": {
        "id": 59044,
        "temperatureF": 94.28,
        "localTime": "2020-08-07 15:02:00"
      }
    },
    {
      "type": "Feature",
      "geometry": {
        "type": "Point",
        "coordinates": [
          -95.4064983337311,
          29.6913116668999
        ]
      },
      "properties": {
        "id": 59045,
        "temperatureF": 94.28,
        "localTime": "2020-08-07 15:02:00"
      }
    },
    {
      "type": "Feature",
      "geometry": {
        "type": "Point",
        "coordinates": [
          -95.4063833329245,
          29.6913066666694
        ]
      },
      "properties": {
        "id": 59046,
        "temperatureF": 94.28,
        "localTime": "2020-08-07 15:02:00"
      }
    },
    {
      "type": "Feature",
      "geometry": {
        "type": "Point",
        "coordinates": [
          -95.4062683330171,
          29.6913050002256
        ]
      },
      "properties": {
        "id": 59047,
        "temperatureF": 94.1,
        "localTime": "2020-08-07 15:02:00"
      }
    },
    {
      "type": "Feature",
      "geometry": {
        "type": "Point",
        "coordinates": [
          -95.4061549995536,
          29.6913050002256
        ]
      },
      "properties": {
        "id": 59048,
        "temperatureF": 94.1,
        "localTime": "2020-08-07 15:02:00"
      }
    },
    {
      "type": "Feature",
      "geometry": {
        "type": "Point",
        "coordinates": [
          -95.4060416669893,
          29.6913033337819
        ]
      },
      "properties": {
        "id": 59049,
        "temperatureF": 94.1,
        "localTime": "2020-08-07 15:02:00"
      }
    },
    {
      "type": "Feature",
      "geometry": {
        "type": "Point",
        "coordinates": [
          -95.4059299999695,
          29.6913033337819
        ]
      },
      "properties": {
        "id": 59050,
        "temperatureF": 94.1,
        "localTime": "2020-08-07 15:02:00"
      }
    },
    {
      "type": "Feature",
      "geometry": {
        "type": "Point",
        "coordinates": [
          -95.4058200002927,
          29.6913050002256
        ]
      },
      "properties": {
        "id": 59051,
        "temperatureF": 94.1,
        "localTime": "2020-08-07 15:02:00"
      }
    },
    {
      "type": "Feature",
      "geometry": {
        "type": "Point",
        "coordinates": [
          -95.4057066668292,
          29.6913083331131
        ]
      },
      "properties": {
        "id": 59052,
        "temperatureF": 94.1,
        "localTime": "2020-08-07 15:02:00"
      }
    },
    {
      "type": "Feature",
      "geometry": {
        "type": "Point",
        "coordinates": [
          -95.4055916669218,
          29.6913099995569
        ]
      },
      "properties": {
        "id": 59053,
        "temperatureF": 94.1,
        "localTime": "2020-08-07 15:02:00"
      }
    },
    {
      "type": "Feature",
      "geometry": {
        "type": "Point",
        "coordinates": [
          -95.4054749996715,
          29.6913149997874
        ]
      },
      "properties": {
        "id": 59054,
        "temperatureF": 94.1,
        "localTime": "2020-08-07 15:02:00"
      }
    },
    {
      "type": "Feature",
      "geometry": {
        "type": "Point",
        "coordinates": [
          -95.4053583333204,
          29.6913216664618
        ]
      },
      "properties": {
        "id": 59055,
        "temperatureF": 94.1,
        "localTime": "2020-08-07 15:02:00"
      }
    },
    {
      "type": "Feature",
      "geometry": {
        "type": "Point",
        "coordinates": [
          -95.4052449998568,
          29.6913349998105
        ]
      },
      "properties": {
        "id": 59056,
        "temperatureF": 94.1,
        "localTime": "2020-08-07 15:02:00"
      }
    },
    {
      "type": "Feature",
      "geometry": {
        "type": "Point",
        "coordinates": [
          -95.4051333337363,
          29.6913549998334
        ]
      },
      "properties": {
        "id": 59057,
        "temperatureF": 94.1,
        "localTime": "2020-08-07 15:02:00"
      }
    },
    {
      "type": "Feature",
      "geometry": {
        "type": "Point",
        "coordinates": [
          -95.4050299998346,
          29.6913783336432
        ]
      },
      "properties": {
        "id": 59058,
        "temperatureF": 94.1,
        "localTime": "2020-08-07 15:02:00"
      }
    },
    {
      "type": "Feature",
      "geometry": {
        "type": "Point",
        "coordinates": [
          -95.4049333335065,
          29.691408333228
        ]
      },
      "properties": {
        "id": 59059,
        "temperatureF": 94.1,
        "localTime": "2020-08-07 15:02:00"
      }
    },
    {
      "type": "Feature",
      "geometry": {
        "type": "Point",
        "coordinates": [
          -95.4048433329534,
          29.6914383337122
        ]
      },
      "properties": {
        "id": 59060,
        "temperatureF": 94.1,
        "localTime": "2020-08-07 15:02:00"
      }
    },
    {
      "type": "Feature",
      "geometry": {
        "type": "Point",
        "coordinates": [
          -95.4047616664178,
          29.6914666668532
        ]
      },
      "properties": {
        "id": 59061,
        "temperatureF": 94.28,
        "localTime": "2020-08-07 15:02:00"
      }
    },
    {
      "type": "Feature",
      "geometry": {
        "type": "Point",
        "coordinates": [
          -95.4046883330001,
          29.6914949999943
        ]
      },
      "properties": {
        "id": 59062,
        "temperatureF": 94.28,
        "localTime": "2020-08-07 15:02:00"
      }
    },
    {
      "type": "Feature",
      "geometry": {
        "type": "Point",
        "coordinates": [
          -95.4046199998131,
          29.6915200002479
        ]
      },
      "properties": {
        "id": 59063,
        "temperatureF": 94.28,
        "localTime": "2020-08-07 15:02:00"
      }
    },
    {
      "type": "Feature",
      "geometry": {
        "type": "Point",
        "coordinates": [
          -95.404563333531,
          29.6915383329278
        ]
      },
      "properties": {
        "id": 59064,
        "temperatureF": 94.28,
        "localTime": "2020-08-07 15:02:00"
      }
    },
    {
      "type": "Feature",
      "geometry": {
        "type": "Point",
        "coordinates": [
          -95.4044999996752,
          29.6915550000633
        ]
      },
      "properties": {
        "id": 59065,
        "temperatureF": 94.46,
        "localTime": "2020-08-07 15:02:00"
      }
    },
    {
      "type": "Feature",
      "geometry": {
        "type": "Point",
        "coordinates": [
          -95.4044316664882,
          29.691528333366
        ]
      },
      "properties": {
        "id": 59066,
        "temperatureF": 94.82,
        "localTime": "2020-08-07 15:02:00"
      }
    },
    {
      "type": "Feature",
      "geometry": {
        "type": "Point",
        "coordinates": [
          -95.4043899999984,
          29.6914983337811
        ]
      },
      "properties": {
        "id": 59067,
        "temperatureF": 94.64,
        "localTime": "2020-08-07 15:02:00"
      }
    },
    {
      "type": "Feature",
      "geometry": {
        "type": "Point",
        "coordinates": [
          -95.404346667065,
          29.6914583337352
        ]
      },
      "properties": {
        "id": 59068,
        "temperatureF": 94.64,
        "localTime": "2020-08-07 15:02:00"
      }
    },
    {
      "type": "Feature",
      "geometry": {
        "type": "Point",
        "coordinates": [
          -95.4042966665578,
          29.6914099996718
        ]
      },
      "properties": {
        "id": 59069,
        "temperatureF": 94.82,
        "localTime": "2020-08-07 15:02:00"
      }
    },
    {
      "type": "Feature",
      "geometry": {
        "type": "Point",
        "coordinates": [
          -95.4042499998376,
          29.6913633329515
        ]
      },
      "properties": {
        "id": 59070,
        "temperatureF": 94.82,
        "localTime": "2020-08-07 15:03:00"
      }
    },
    {
      "type": "Feature",
      "geometry": {
        "type": "Point",
        "coordinates": [
          -95.4042016666735,
          29.6913116668999
        ]
      },
      "properties": {
        "id": 59071,
        "temperatureF": 94.82,
        "localTime": "2020-08-07 15:03:00"
      }
    },
    {
      "type": "Feature",
      "geometry": {
        "type": "Point",
        "coordinates": [
          -95.4041549999532,
          29.6912599999491
        ]
      },
      "properties": {
        "id": 59072,
        "temperatureF": 94.82,
        "localTime": "2020-08-07 15:03:00"
      }
    },
    {
      "type": "Feature",
      "geometry": {
        "type": "Point",
        "coordinates": [
          -95.4041166663511,
          29.691211666785
        ]
      },
      "properties": {
        "id": 59073,
        "temperatureF": 94.64,
        "localTime": "2020-08-07 15:03:00"
      }
    },
    {
      "type": "Feature",
      "geometry": {
        "type": "Point",
        "coordinates": [
          -95.4040816665356,
          29.6911700002953
        ]
      },
      "properties": {
        "id": 59074,
        "temperatureF": 94.64,
        "localTime": "2020-08-07 15:03:00"
      }
    },
    {
      "type": "Feature",
      "geometry": {
        "type": "Point",
        "coordinates": [
          -95.4040516669508,
          29.6911300002494
        ]
      },
      "properties": {
        "id": 59075,
        "temperatureF": 94.46,
        "localTime": "2020-08-07 15:03:00"
      }
    },
    {
      "type": "Feature",
      "geometry": {
        "type": "Point",
        "coordinates": [
          -95.4040266666973,
          29.6910966668777
        ]
      },
      "properties": {
        "id": 59076,
        "temperatureF": 94.46,
        "localTime": "2020-08-07 15:03:00"
      }
    },
    {
      "type": "Feature",
      "geometry": {
        "type": "Point",
        "coordinates": [
          -95.4040033328874,
          29.6910649999498
        ]
      },
      "properties": {
        "id": 59077,
        "temperatureF": 94.1,
        "localTime": "2020-08-07 15:03:00"
      }
    },
    {
      "type": "Feature",
      "geometry": {
        "type": "Point",
        "coordinates": [
          -95.4039883330951,
          29.6910416670394
        ]
      },
      "properties": {
        "id": 59078,
        "temperatureF": 94.1,
        "localTime": "2020-08-07 15:03:00"
      }
    },
    {
      "type": "Feature",
      "geometry": {
        "type": "Point",
        "coordinates": [
          -95.4039116667899,
          29.6909233333452
        ]
      },
      "properties": {
        "id": 59079,
        "temperatureF": 93.38,
        "localTime": "2020-08-07 15:03:00"
      }
    },
    {
      "type": "Feature",
      "geometry": {
        "type": "Point",
        "coordinates": [
          -95.4038766669746,
          29.6908733337374
        ]
      },
      "properties": {
        "id": 59080,
        "temperatureF": 93.38,
        "localTime": "2020-08-07 15:03:00"
      }
    },
    {
      "type": "Feature",
      "geometry": {
        "type": "Point",
        "coordinates": [
          -95.4038366669286,
          29.690816666556
        ]
      },
      "properties": {
        "id": 59081,
        "temperatureF": 93.38,
        "localTime": "2020-08-07 15:03:00"
      }
    },
    {
      "type": "Feature",
      "geometry": {
        "type": "Point",
        "coordinates": [
          -95.4037950004389,
          29.6907533335995
        ]
      },
      "properties": {
        "id": 59082,
        "temperatureF": 93.2,
        "localTime": "2020-08-07 15:03:00"
      }
    },
    {
      "type": "Feature",
      "geometry": {
        "type": "Point",
        "coordinates": [
          -95.4037533330498,
          29.6906816666257
        ]
      },
      "properties": {
        "id": 59083,
        "temperatureF": 93.2,
        "localTime": "2020-08-07 15:03:00"
      }
    },
    {
      "type": "Feature",
      "geometry": {
        "type": "Point",
        "coordinates": [
          -95.4037133330039,
          29.6906066667643
        ]
      },
      "properties": {
        "id": 59084,
        "temperatureF": 93.38,
        "localTime": "2020-08-07 15:03:00"
      }
    },
    {
      "type": "Feature",
      "geometry": {
        "type": "Point",
        "coordinates": [
          -95.403675000301,
          29.690519999998
        ]
      },
      "properties": {
        "id": 59085,
        "temperatureF": 93.38,
        "localTime": "2020-08-07 15:03:00"
      }
    },
    {
      "type": "Feature",
      "geometry": {
        "type": "Point",
        "coordinates": [
          -95.403635000255,
          29.6904283330012
        ]
      },
      "properties": {
        "id": 59086,
        "temperatureF": 93.38,
        "localTime": "2020-08-07 15:03:00"
      }
    },
    {
      "type": "Feature",
      "geometry": {
        "type": "Point",
        "coordinates": [
          -95.4035983330966,
          29.6903316666731
        ]
      },
      "properties": {
        "id": 59087,
        "temperatureF": 93.38,
        "localTime": "2020-08-07 15:03:00"
      }
    },
    {
      "type": "Feature",
      "geometry": {
        "type": "Point",
        "coordinates": [
          -95.4035616668374,
          29.6902300001145
        ]
      },
      "properties": {
        "id": 59088,
        "temperatureF": 93.38,
        "localTime": "2020-08-07 15:03:00"
      }
    },
    {
      "type": "Feature",
      "geometry": {
        "type": "Point",
        "coordinates": [
          -95.4035283334658,
          29.6901266671121
        ]
      },
      "properties": {
        "id": 59089,
        "temperatureF": 93.38,
        "localTime": "2020-08-07 15:03:00"
      }
    },
    {
      "type": "Feature",
      "geometry": {
        "type": "Point",
        "coordinates": [
          -95.4034966665379,
          29.6900216667665
        ]
      },
      "properties": {
        "id": 59090,
        "temperatureF": 93.56,
        "localTime": "2020-08-07 15:03:00"
      }
    },
    {
      "type": "Feature",
      "geometry": {
        "type": "Point",
        "coordinates": [
          -95.4034699998406,
          29.6899166664211
        ]
      },
      "properties": {
        "id": 59091,
        "temperatureF": 93.56,
        "localTime": "2020-08-07 15:03:00"
      }
    },
    {
      "type": "Feature",
      "geometry": {
        "type": "Point",
        "coordinates": [
          -95.4034499998176,
          29.6898083331881
        ]
      },
      "properties": {
        "id": 59092,
        "temperatureF": 93.92,
        "localTime": "2020-08-07 15:03:00"
      }
    },
    {
      "type": "Feature",
      "geometry": {
        "type": "Point",
        "coordinates": [
          -95.4034350000252,
          29.6896983335113
        ]
      },
      "properties": {
        "id": 59093,
        "temperatureF": 93.92,
        "localTime": "2020-08-07 15:03:00"
      }
    },
    {
      "type": "Feature",
      "geometry": {
        "type": "Point",
        "coordinates": [
          -95.4034233331203,
          29.6895883329353
        ]
      },
      "properties": {
        "id": 59094,
        "temperatureF": 93.92,
        "localTime": "2020-08-07 15:03:00"
      }
    },
    {
      "type": "Feature",
      "geometry": {
        "type": "Point",
        "coordinates": [
          -95.4034133335584,
          29.6894716665842
        ]
      },
      "properties": {
        "id": 59095,
        "temperatureF": 93.92,
        "localTime": "2020-08-07 15:03:00"
      }
    },
    {
      "type": "Feature",
      "geometry": {
        "type": "Point",
        "coordinates": [
          -95.403396666423,
          29.6892333336515
        ]
      },
      "properties": {
        "id": 59096,
        "temperatureF": 94.1,
        "localTime": "2020-08-07 15:03:00"
      }
    },
    {
      "type": "Feature",
      "geometry": {
        "type": "Point",
        "coordinates": [
          -95.4033850004174,
          29.6891116670698
        ]
      },
      "properties": {
        "id": 59097,
        "temperatureF": 94.1,
        "localTime": "2020-08-07 15:03:00"
      }
    },
    {
      "type": "Feature",
      "geometry": {
        "type": "Point",
        "coordinates": [
          -95.4033549999332,
          29.6887449999818
        ]
      },
      "properties": {
        "id": 59098,
        "temperatureF": 93.92,
        "localTime": "2020-08-07 15:03:00"
      }
    },
    {
      "type": "Feature",
      "geometry": {
        "type": "Point",
        "coordinates": [
          -95.4033483332589,
          29.6886266662877
        ]
      },
      "properties": {
        "id": 59099,
        "temperatureF": 93.92,
        "localTime": "2020-08-07 15:03:00"
      }
    },
    {
      "type": "Feature",
      "geometry": {
        "type": "Point",
        "coordinates": [
          -95.4033416665846,
          29.6885083334929
        ]
      },
      "properties": {
        "id": 59100,
        "temperatureF": 94.28,
        "localTime": "2020-08-07 15:03:00"
      }
    },
    {
      "type": "Feature",
      "geometry": {
        "type": "Point",
        "coordinates": [
          -95.4033416665846,
          29.6885083334929
        ]
      },
      "properties": {
        "id": 59101,
        "temperatureF": 94.28,
        "localTime": "2020-08-07 15:03:00"
      }
    },
    {
      "type": "Feature",
      "geometry": {
        "type": "Point",
        "coordinates": [
          -95.4033283332359,
          29.6882766663351
        ]
      },
      "properties": {
        "id": 59102,
        "temperatureF": 94.28,
        "localTime": "2020-08-07 15:03:00"
      }
    },
    {
      "type": "Feature",
      "geometry": {
        "type": "Point",
        "coordinates": [
          -95.4033216665616,
          29.6881616664278
        ]
      },
      "properties": {
        "id": 59103,
        "temperatureF": 94.28,
        "localTime": "2020-08-07 15:04:00"
      }
    },
    {
      "type": "Feature",
      "geometry": {
        "type": "Point",
        "coordinates": [
          -95.403316666331,
          29.6880450000767
        ]
      },
      "properties": {
        "id": 59104,
        "temperatureF": 94.28,
        "localTime": "2020-08-07 15:04:00"
      }
    },
    {
      "type": "Feature",
      "geometry": {
        "type": "Point",
        "coordinates": [
          -95.4033149998873,
          29.6879316666132
        ]
      },
      "properties": {
        "id": 59105,
        "temperatureF": 94.28,
        "localTime": "2020-08-07 15:04:00"
      }
    },
    {
      "type": "Feature",
      "geometry": {
        "type": "Point",
        "coordinates": [
          -95.4033149998873,
          29.6878183331496
        ]
      },
      "properties": {
        "id": 59106,
        "temperatureF": 94.46,
        "localTime": "2020-08-07 15:04:00"
      }
    },
    {
      "type": "Feature",
      "geometry": {
        "type": "Point",
        "coordinates": [
          -95.4033149998873,
          29.687704999686
        ]
      },
      "properties": {
        "id": 59107,
        "temperatureF": 94.46,
        "localTime": "2020-08-07 15:04:00"
      }
    },
    {
      "type": "Feature",
      "geometry": {
        "type": "Point",
        "coordinates": [
          -95.4033133334435,
          29.6875916662225
        ]
      },
      "properties": {
        "id": 59108,
        "temperatureF": 94.46,
        "localTime": "2020-08-07 15:04:00"
      }
    },
    {
      "type": "Feature",
      "geometry": {
        "type": "Point",
        "coordinates": [
          -95.403316666331,
          29.6874816665458
        ]
      },
      "properties": {
        "id": 59109,
        "temperatureF": 94.46,
        "localTime": "2020-08-07 15:04:00"
      }
    },
    {
      "type": "Feature",
      "geometry": {
        "type": "Point",
        "coordinates": [
          -95.4033149998873,
          29.6873766670995
        ]
      },
      "properties": {
        "id": 59110,
        "temperatureF": 94.82,
        "localTime": "2020-08-07 15:04:00"
      }
    },
    {
      "type": "Feature",
      "geometry": {
        "type": "Point",
        "coordinates": [
          -95.4033133334435,
          29.6872783334284
        ]
      },
      "properties": {
        "id": 59111,
        "temperatureF": 94.82,
        "localTime": "2020-08-07 15:04:00"
      }
    },
    {
      "type": "Feature",
      "geometry": {
        "type": "Point",
        "coordinates": [
          -95.4033099996567,
          29.6871883337746
        ]
      },
      "properties": {
        "id": 59112,
        "temperatureF": 95,
        "localTime": "2020-08-07 15:04:00"
      }
    },
    {
      "type": "Feature",
      "geometry": {
        "type": "Point",
        "coordinates": [
          -95.403308333213,
          29.6871066663396
        ]
      },
      "properties": {
        "id": 59113,
        "temperatureF": 95,
        "localTime": "2020-08-07 15:04:00"
      }
    },
    {
      "type": "Feature",
      "geometry": {
        "type": "Point",
        "coordinates": [
          -95.403308333213,
          29.6870350002651
        ]
      },
      "properties": {
        "id": 59114,
        "temperatureF": 95.18,
        "localTime": "2020-08-07 15:04:00"
      }
    },
    {
      "type": "Feature",
      "geometry": {
        "type": "Point",
        "coordinates": [
          -95.4033066667692,
          29.6869683335218
        ]
      },
      "properties": {
        "id": 59115,
        "temperatureF": 95.18,
        "localTime": "2020-08-07 15:04:00"
      }
    },
    {
      "type": "Feature",
      "geometry": {
        "type": "Point",
        "coordinates": [
          -95.4033033329824,
          29.6869099998966
        ]
      },
      "properties": {
        "id": 59116,
        "temperatureF": 95.36,
        "localTime": "2020-08-07 15:04:00"
      }
    },
    {
      "type": "Feature",
      "geometry": {
        "type": "Point",
        "coordinates": [
          -95.4033033329824,
          29.6868600002888
        ]
      },
      "properties": {
        "id": 59117,
        "temperatureF": 95.36,
        "localTime": "2020-08-07 15:04:00"
      }
    },
    {
      "type": "Feature",
      "geometry": {
        "type": "Point",
        "coordinates": [
          -95.4033033329824,
          29.6868183328998
        ]
      },
      "properties": {
        "id": 59118,
        "temperatureF": 95.36,
        "localTime": "2020-08-07 15:04:00"
      }
    },
    {
      "type": "Feature",
      "geometry": {
        "type": "Point",
        "coordinates": [
          -95.4033016665387,
          29.6867833330844
        ]
      },
      "properties": {
        "id": 59119,
        "temperatureF": 95.36,
        "localTime": "2020-08-07 15:04:00"
      }
    },
    {
      "type": "Feature",
      "geometry": {
        "type": "Point",
        "coordinates": [
          -95.4033016665387,
          29.6867583337301
        ]
      },
      "properties": {
        "id": 59120,
        "temperatureF": 95.54,
        "localTime": "2020-08-07 15:04:00"
      }
    },
    {
      "type": "Feature",
      "geometry": {
        "type": "Point",
        "coordinates": [
          -95.4032983336512,
          29.6866783336382
        ]
      },
      "properties": {
        "id": 59121,
        "temperatureF": 95.72,
        "localTime": "2020-08-07 15:04:00"
      }
    },
    {
      "type": "Feature",
      "geometry": {
        "type": "Point",
        "coordinates": [
          -95.4032983336512,
          29.6866416664798
        ]
      },
      "properties": {
        "id": 59122,
        "temperatureF": 95.72,
        "localTime": "2020-08-07 15:04:00"
      }
    },
    {
      "type": "Feature",
      "geometry": {
        "type": "Point",
        "coordinates": [
          -95.4032983336512,
          29.686591666872
        ]
      },
      "properties": {
        "id": 59123,
        "temperatureF": 95.72,
        "localTime": "2020-08-07 15:04:00"
      }
    },
    {
      "type": "Feature",
      "geometry": {
        "type": "Point",
        "coordinates": [
          -95.4032966663081,
          29.6864683329472
        ]
      },
      "properties": {
        "id": 59124,
        "temperatureF": 95.72,
        "localTime": "2020-08-07 15:04:00"
      }
    },
    {
      "type": "Feature",
      "geometry": {
        "type": "Point",
        "coordinates": [
          -95.4032933334205,
          29.6863033334321
        ]
      },
      "properties": {
        "id": 59125,
        "temperatureF": 95.72,
        "localTime": "2020-08-07 15:04:00"
      }
    },
    {
      "type": "Feature",
      "geometry": {
        "type": "Point",
        "coordinates": [
          -95.4032899996337,
          29.6862116664353
        ]
      },
      "properties": {
        "id": 59126,
        "temperatureF": 95.72,
        "localTime": "2020-08-07 15:04:00"
      }
    },
    {
      "type": "Feature",
      "geometry": {
        "type": "Point",
        "coordinates": [
          -95.4032866667462,
          29.6861133336635
        ]
      },
      "properties": {
        "id": 59127,
        "temperatureF": 95.72,
        "localTime": "2020-08-07 15:04:00"
      }
    },
    {
      "type": "Feature",
      "geometry": {
        "type": "Point",
        "coordinates": [
          -95.4032850003025,
          29.6860133335485
        ]
      },
      "properties": {
        "id": 59128,
        "temperatureF": 96.08,
        "localTime": "2020-08-07 15:04:00"
      }
    },
    {
      "type": "Feature",
      "geometry": {
        "type": "Point",
        "coordinates": [
          -95.4032850003025,
          29.6860133335485
        ]
      },
      "properties": {
        "id": 59129,
        "temperatureF": 96.08,
        "localTime": "2020-08-07 15:04:00"
      }
    },
    {
      "type": "Feature",
      "geometry": {
        "type": "Point",
        "coordinates": [
          -95.4032766662851,
          29.6858216664368
        ]
      },
      "properties": {
        "id": 59130,
        "temperatureF": 96.26,
        "localTime": "2020-08-07 15:04:00"
      }
    },
    {
      "type": "Feature",
      "geometry": {
        "type": "Point",
        "coordinates": [
          -95.4032699996108,
          29.6857383334574
        ]
      },
      "properties": {
        "id": 59131,
        "temperatureF": 96.26,
        "localTime": "2020-08-07 15:04:00"
      }
    },
    {
      "type": "Feature",
      "geometry": {
        "type": "Point",
        "coordinates": [
          -95.4032666667233,
          29.6856666664835
        ]
      },
      "properties": {
        "id": 59132,
        "temperatureF": 96.26,
        "localTime": "2020-08-07 15:04:00"
      }
    },
    {
      "type": "Feature",
      "geometry": {
        "type": "Point",
        "coordinates": [
          -95.4032666667233,
          29.6856100002014
        ]
      },
      "properties": {
        "id": 59133,
        "temperatureF": 96.26,
        "localTime": "2020-08-07 15:04:00"
      }
    },
    {
      "type": "Feature",
      "geometry": {
        "type": "Point",
        "coordinates": [
          -95.4032633329364,
          29.6855666663686
        ]
      },
      "properties": {
        "id": 59134,
        "temperatureF": 96.44,
        "localTime": "2020-08-07 15:04:00"
      }
    },
    {
      "type": "Feature",
      "geometry": {
        "type": "Point",
        "coordinates": [
          -95.4032600000489,
          29.6855366667838
        ]
      },
      "properties": {
        "id": 59135,
        "temperatureF": 96.44,
        "localTime": "2020-08-07 15:04:00"
      }
    },
    {
      "type": "Feature",
      "geometry": {
        "type": "Point",
        "coordinates": [
          -95.4032533333746,
          29.6854833333892
        ]
      },
      "properties": {
        "id": 59136,
        "temperatureF": 96.44,
        "localTime": "2020-08-07 15:05:00"
      }
    },
    {
      "type": "Feature",
      "geometry": {
        "type": "Point",
        "coordinates": [
          -95.4032499995878,
          29.6854350002251
        ]
      },
      "properties": {
        "id": 59137,
        "temperatureF": 96.44,
        "localTime": "2020-08-07 15:05:00"
      }
    },
    {
      "type": "Feature",
      "geometry": {
        "type": "Point",
        "coordinates": [
          -95.4032450002565,
          29.6853800003868
        ]
      },
      "properties": {
        "id": 59138,
        "temperatureF": 96.26,
        "localTime": "2020-08-07 15:05:00"
      }
    },
    {
      "type": "Feature",
      "geometry": {
        "type": "Point",
        "coordinates": [
          -95.403228333121,
          29.6853216667616
        ]
      },
      "properties": {
        "id": 59139,
        "temperatureF": 96.26,
        "localTime": "2020-08-07 15:05:00"
      }
    },
    {
      "type": "Feature",
      "geometry": {
        "type": "Point",
        "coordinates": [
          -95.4031966670925,
          29.6852699998107
        ]
      },
      "properties": {
        "id": 59140,
        "temperatureF": 96.26,
        "localTime": "2020-08-07 15:05:00"
      }
    },
    {
      "type": "Feature",
      "geometry": {
        "type": "Point",
        "coordinates": [
          -95.4031483330291,
          29.6852316671078
        ]
      },
      "properties": {
        "id": 59141,
        "temperatureF": 96.26,
        "localTime": "2020-08-07 15:05:00"
      }
    },
    {
      "type": "Feature",
      "geometry": {
        "type": "Point",
        "coordinates": [
          -95.4030833336289,
          29.6852149999723
        ]
      },
      "properties": {
        "id": 59142,
        "temperatureF": 96.26,
        "localTime": "2020-08-07 15:05:00"
      }
    },
    {
      "type": "Feature",
      "geometry": {
        "type": "Point",
        "coordinates": [
          -95.4030066664245,
          29.6852099997417
        ]
      },
      "properties": {
        "id": 59143,
        "temperatureF": 96.26,
        "localTime": "2020-08-07 15:05:00"
      }
    },
    {
      "type": "Feature",
      "geometry": {
        "type": "Point",
        "coordinates": [
          -95.4029183332145,
          29.6852099997417
        ]
      },
      "properties": {
        "id": 59144,
        "temperatureF": 96.26,
        "localTime": "2020-08-07 15:05:00"
      }
    },
    {
      "type": "Feature",
      "geometry": {
        "type": "Point",
        "coordinates": [
          -95.4028183330996,
          29.6852116670848
        ]
      },
      "properties": {
        "id": 59145,
        "temperatureF": 96.26,
        "localTime": "2020-08-07 15:05:00"
      }
    },
    {
      "type": "Feature",
      "geometry": {
        "type": "Point",
        "coordinates": [
          -95.402706666979,
          29.6852133335286
        ]
      },
      "properties": {
        "id": 59146,
        "temperatureF": 96.08,
        "localTime": "2020-08-07 15:05:00"
      }
    },
    {
      "type": "Feature",
      "geometry": {
        "type": "Point",
        "coordinates": [
          -95.4025883332849,
          29.6852149999723
        ]
      },
      "properties": {
        "id": 59147,
        "temperatureF": 96.08,
        "localTime": "2020-08-07 15:05:00"
      }
    },
    {
      "type": "Feature",
      "geometry": {
        "type": "Point",
        "coordinates": [
          -95.4024650002595,
          29.6852166664161
        ]
      },
      "properties": {
        "id": 59148,
        "temperatureF": 96.08,
        "localTime": "2020-08-07 15:05:00"
      }
    },
    {
      "type": "Feature",
      "geometry": {
        "type": "Point",
        "coordinates": [
          -95.4023399998911,
          29.6852200002029
        ]
      },
      "properties": {
        "id": 59149,
        "temperatureF": 96.08,
        "localTime": "2020-08-07 15:05:00"
      }
    },
    {
      "type": "Feature",
      "geometry": {
        "type": "Point",
        "coordinates": [
          -95.4020783331485,
          29.685228333321
        ]
      },
      "properties": {
        "id": 59150,
        "temperatureF": 96.26,
        "localTime": "2020-08-07 15:05:00"
      }
    },
    {
      "type": "Feature",
      "geometry": {
        "type": "Point",
        "coordinates": [
          -95.401944999662,
          29.6852316671078
        ]
      },
      "properties": {
        "id": 59151,
        "temperatureF": 96.26,
        "localTime": "2020-08-07 15:05:00"
      }
    },
    {
      "type": "Feature",
      "geometry": {
        "type": "Point",
        "coordinates": [
          -95.4016733333576,
          29.6852333335515
        ]
      },
      "properties": {
        "id": 59152,
        "temperatureF": 96.08,
        "localTime": "2020-08-07 15:05:00"
      }
    },
    {
      "type": "Feature",
      "geometry": {
        "type": "Point",
        "coordinates": [
          -95.4015349996405,
          29.6852316671078
        ]
      },
      "properties": {
        "id": 59153,
        "temperatureF": 95.9,
        "localTime": "2020-08-07 15:05:00"
      }
    },
    {
      "type": "Feature",
      "geometry": {
        "type": "Point",
        "coordinates": [
          -95.401395000379,
          29.6852299997647
        ]
      },
      "properties": {
        "id": 59154,
        "temperatureF": 95.9,
        "localTime": "2020-08-07 15:05:00"
      }
    },
    {
      "type": "Feature",
      "geometry": {
        "type": "Point",
        "coordinates": [
          -95.4012533337743,
          29.6852316671078
        ]
      },
      "properties": {
        "id": 59155,
        "temperatureF": 95.9,
        "localTime": "2020-08-07 15:05:00"
      }
    },
    {
      "type": "Feature",
      "geometry": {
        "type": "Point",
        "coordinates": [
          -95.4011116662704,
          29.6852333335515
        ]
      },
      "properties": {
        "id": 59156,
        "temperatureF": 95.9,
        "localTime": "2020-08-07 15:05:00"
      }
    },
    {
      "type": "Feature",
      "geometry": {
        "type": "Point",
        "coordinates": [
          -95.4009699996657,
          29.6852333335515
        ]
      },
      "properties": {
        "id": 59157,
        "temperatureF": 95.9,
        "localTime": "2020-08-07 15:05:00"
      }
    },
    {
      "type": "Feature",
      "geometry": {
        "type": "Point",
        "coordinates": [
          -95.4008300004041,
          29.6852316671078
        ]
      },
      "properties": {
        "id": 59158,
        "temperatureF": 95.9,
        "localTime": "2020-08-07 15:05:00"
      }
    },
    {
      "type": "Feature",
      "geometry": {
        "type": "Point",
        "coordinates": [
          -95.4006933331308,
          29.6852316671078
        ]
      },
      "properties": {
        "id": 59159,
        "temperatureF": 95.9,
        "localTime": "2020-08-07 15:05:00"
      }
    },
    {
      "type": "Feature",
      "geometry": {
        "type": "Point",
        "coordinates": [
          -95.4005616669873,
          29.6852333335515
        ]
      },
      "properties": {
        "id": 59160,
        "temperatureF": 95.9,
        "localTime": "2020-08-07 15:05:00"
      }
    },
    {
      "type": "Feature",
      "geometry": {
        "type": "Point",
        "coordinates": [
          -95.4004383330626,
          29.6852349999953
        ]
      },
      "properties": {
        "id": 59161,
        "temperatureF": 95.9,
        "localTime": "2020-08-07 15:05:00"
      }
    },
    {
      "type": "Feature",
      "geometry": {
        "type": "Point",
        "coordinates": [
          -95.4003266669421,
          29.6852349999953
        ]
      },
      "properties": {
        "id": 59162,
        "temperatureF": 95.9,
        "localTime": "2020-08-07 15:05:00"
      }
    },
    {
      "type": "Feature",
      "geometry": {
        "type": "Point",
        "coordinates": [
          -95.4002316670578,
          29.6852383337821
        ]
      },
      "properties": {
        "id": 59163,
        "temperatureF": 95.9,
        "localTime": "2020-08-07 15:05:00"
      }
    },
    {
      "type": "Feature",
      "geometry": {
        "type": "Point",
        "coordinates": [
          -95.4001533334095,
          29.6852400002259
        ]
      },
      "properties": {
        "id": 59164,
        "temperatureF": 95.9,
        "localTime": "2020-08-07 15:05:00"
      }
    },
    {
      "type": "Feature",
      "geometry": {
        "type": "Point",
        "coordinates": [
          -95.4000850002225,
          29.6852449995571
        ]
      },
      "properties": {
        "id": 59165,
        "temperatureF": 95.9,
        "localTime": "2020-08-07 15:05:00"
      }
    },
    {
      "type": "Feature",
      "geometry": {
        "type": "Point",
        "coordinates": [
          -95.4000266665973,
          29.6852600002489
        ]
      },
      "properties": {
        "id": 59166,
        "temperatureF": 95.9,
        "localTime": "2020-08-07 15:05:00"
      }
    },
    {
      "type": "Feature",
      "geometry": {
        "type": "Point",
        "coordinates": [
          -95.3999783334333,
          29.685296666508
        ]
      },
      "properties": {
        "id": 59167,
        "temperatureF": 95.9,
        "localTime": "2020-08-07 15:05:00"
      }
    },
    {
      "type": "Feature",
      "geometry": {
        "type": "Point",
        "coordinates": [
          -95.3999500002922,
          29.6853583330207
        ]
      },
      "properties": {
        "id": 59168,
        "temperatureF": 95.9,
        "localTime": "2020-08-07 15:05:00"
      }
    },
    {
      "type": "Feature",
      "geometry": {
        "type": "Point",
        "coordinates": [
          -95.3999333331568,
          29.6854283335508
        ]
      },
      "properties": {
        "id": 59169,
        "temperatureF": 95.72,
        "localTime": "2020-08-07 15:05:00"
      }
    },
    {
      "type": "Feature",
      "geometry": {
        "type": "Point",
        "coordinates": [
          -95.3999216662519,
          29.6855083336428
        ]
      },
      "properties": {
        "id": 59170,
        "temperatureF": 95.72,
        "localTime": "2020-08-07 15:05:00"
      }
    },
    {
      "type": "Feature",
      "geometry": {
        "type": "Point",
        "coordinates": [
          -95.3999166669206,
          29.6855999997402
        ]
      },
      "properties": {
        "id": 59171,
        "temperatureF": 95.54,
        "localTime": "2020-08-07 15:05:00"
      }
    },
    {
      "type": "Feature",
      "geometry": {
        "type": "Point",
        "coordinates": [
          -95.3999149995775,
          29.6856999998552
        ]
      },
      "properties": {
        "id": 59172,
        "temperatureF": 95.54,
        "localTime": "2020-08-07 15:05:00"
      }
    },
    {
      "type": "Feature",
      "geometry": {
        "type": "Point",
        "coordinates": [
          -95.3999166669206,
          29.6858083330882
        ]
      },
      "properties": {
        "id": 59173,
        "temperatureF": 95.72,
        "localTime": "2020-08-07 15:06:00"
      }
    },
    {
      "type": "Feature",
      "geometry": {
        "type": "Point",
        "coordinates": [
          -95.3999183333644,
          29.6859283332261
        ]
      },
      "properties": {
        "id": 59174,
        "temperatureF": 95.72,
        "localTime": "2020-08-07 15:06:00"
      }
    },
    {
      "type": "Feature",
      "geometry": {
        "type": "Point",
        "coordinates": [
          -95.3999199998081,
          29.6860516662514
        ]
      },
      "properties": {
        "id": 59175,
        "temperatureF": 95.54,
        "localTime": "2020-08-07 15:06:00"
      }
    },
    {
      "type": "Feature",
      "geometry": {
        "type": "Point",
        "coordinates": [
          -95.3999216662519,
          29.6861783330637
        ]
      },
      "properties": {
        "id": 59176,
        "temperatureF": 95.54,
        "localTime": "2020-08-07 15:06:00"
      }
    },
    {
      "type": "Feature",
      "geometry": {
        "type": "Point",
        "coordinates": [
          -95.3999233335949,
          29.6863049998759
        ]
      },
      "properties": {
        "id": 59177,
        "temperatureF": 95.36,
        "localTime": "2020-08-07 15:06:00"
      }
    },
    {
      "type": "Feature",
      "geometry": {
        "type": "Point",
        "coordinates": [
          -95.3999233335949,
          29.6864366669187
        ]
      },
      "properties": {
        "id": 59178,
        "temperatureF": 95.36,
        "localTime": "2020-08-07 15:06:00"
      }
    },
    {
      "type": "Feature",
      "geometry": {
        "type": "Point",
        "coordinates": [
          -95.3999283329262,
          29.6865700004052
        ]
      },
      "properties": {
        "id": 59179,
        "temperatureF": 95.18,
        "localTime": "2020-08-07 15:06:00"
      }
    },
    {
      "type": "Feature",
      "geometry": {
        "type": "Point",
        "coordinates": [
          -95.3999300002693,
          29.6867016665487
        ]
      },
      "properties": {
        "id": 59180,
        "temperatureF": 95.18,
        "localTime": "2020-08-07 15:06:00"
      }
    },
    {
      "type": "Feature",
      "geometry": {
        "type": "Point",
        "coordinates": [
          -95.3999333331568,
          29.6868383329228
        ]
      },
      "properties": {
        "id": 59181,
        "temperatureF": 95,
        "localTime": "2020-08-07 15:06:00"
      }
    },
    {
      "type": "Feature",
      "geometry": {
        "type": "Point",
        "coordinates": [
          -95.3999366669436,
          29.6869750001961
        ]
      },
      "properties": {
        "id": 59182,
        "temperatureF": 95,
        "localTime": "2020-08-07 15:06:00"
      }
    },
    {
      "type": "Feature",
      "geometry": {
        "type": "Point",
        "coordinates": [
          -95.3999399998311,
          29.6872483329443
        ]
      },
      "properties": {
        "id": 59183,
        "temperatureF": 94.82,
        "localTime": "2020-08-07 15:06:00"
      }
    },
    {
      "type": "Feature",
      "geometry": {
        "type": "Point",
        "coordinates": [
          -95.3999433336179,
          29.6873816664308
        ]
      },
      "properties": {
        "id": 59184,
        "temperatureF": 94.82,
        "localTime": "2020-08-07 15:06:00"
      }
    },
    {
      "type": "Feature",
      "geometry": {
        "type": "Point",
        "coordinates": [
          -95.3999483329492,
          29.6877966666828
        ]
      },
      "properties": {
        "id": 59185,
        "temperatureF": 94.28,
        "localTime": "2020-08-07 15:06:00"
      }
    },
    {
      "type": "Feature",
      "geometry": {
        "type": "Point",
        "coordinates": [
          -95.399951666736,
          29.6879350004
        ]
      },
      "properties": {
        "id": 59186,
        "temperatureF": 94.28,
        "localTime": "2020-08-07 15:06:00"
      }
    },
    {
      "type": "Feature",
      "geometry": {
        "type": "Point",
        "coordinates": [
          -95.399951666736,
          29.6880700003303
        ]
      },
      "properties": {
        "id": 59187,
        "temperatureF": 94.46,
        "localTime": "2020-08-07 15:06:00"
      }
    },
    {
      "type": "Feature",
      "geometry": {
        "type": "Point",
        "coordinates": [
          -95.3999549996235,
          29.6882033329175
        ]
      },
      "properties": {
        "id": 59188,
        "temperatureF": 94.46,
        "localTime": "2020-08-07 15:06:00"
      }
    },
    {
      "type": "Feature",
      "geometry": {
        "type": "Point",
        "coordinates": [
          -95.3999583334103,
          29.688328333286
        ]
      },
      "properties": {
        "id": 59189,
        "temperatureF": 94.28,
        "localTime": "2020-08-07 15:06:00"
      }
    },
    {
      "type": "Feature",
      "geometry": {
        "type": "Point",
        "coordinates": [
          -95.399959999854,
          29.6884466669802
        ]
      },
      "properties": {
        "id": 59190,
        "temperatureF": 94.28,
        "localTime": "2020-08-07 15:06:00"
      }
    },
    {
      "type": "Feature",
      "geometry": {
        "type": "Point",
        "coordinates": [
          -95.3999616662978,
          29.6885566666569
        ]
      },
      "properties": {
        "id": 59191,
        "temperatureF": 94.46,
        "localTime": "2020-08-07 15:06:00"
      }
    },
    {
      "type": "Feature",
      "geometry": {
        "type": "Point",
        "coordinates": [
          -95.3999633336409,
          29.688653332985
        ]
      },
      "properties": {
        "id": 59192,
        "temperatureF": 94.46,
        "localTime": "2020-08-07 15:06:00"
      }
    },
    {
      "type": "Feature",
      "geometry": {
        "type": "Point",
        "coordinates": [
          -95.3999666665284,
          29.6887333330769
        ]
      },
      "properties": {
        "id": 59193,
        "temperatureF": 94.46,
        "localTime": "2020-08-07 15:06:00"
      }
    },
    {
      "type": "Feature",
      "geometry": {
        "type": "Point",
        "coordinates": [
          -95.399959999854,
          29.6887949995896
        ]
      },
      "properties": {
        "id": 59194,
        "temperatureF": 94.46,
        "localTime": "2020-08-07 15:06:00"
      }
    },
    {
      "type": "Feature",
      "geometry": {
        "type": "Point",
        "coordinates": [
          -95.3999399998311,
          29.6888416663099
        ]
      },
      "properties": {
        "id": 59195,
        "temperatureF": 94.64,
        "localTime": "2020-08-07 15:06:00"
      }
    },
    {
      "type": "Feature",
      "geometry": {
        "type": "Point",
        "coordinates": [
          -95.3999083329032,
          29.6888766670246
        ]
      },
      "properties": {
        "id": 59196,
        "temperatureF": 94.64,
        "localTime": "2020-08-07 15:06:00"
      }
    },
    {
      "type": "Feature",
      "geometry": {
        "type": "Point",
        "coordinates": [
          -95.3998616670822,
          29.6888900003732
        ]
      },
      "properties": {
        "id": 59197,
        "temperatureF": 94.64,
        "localTime": "2020-08-07 15:06:00"
      }
    },
    {
      "type": "Feature",
      "geometry": {
        "type": "Point",
        "coordinates": [
          -95.399803333457,
          29.6888983334914
        ]
      },
      "properties": {
        "id": 59198,
        "temperatureF": 94.64,
        "localTime": "2020-08-07 15:06:00"
      }
    },
    {
      "type": "Feature",
      "geometry": {
        "type": "Point",
        "coordinates": [
          -95.39973500027,
          29.6888949997045
        ]
      },
      "properties": {
        "id": 59199,
        "temperatureF": 94.64,
        "localTime": "2020-08-07 15:06:00"
      }
    },
    {
      "type": "Feature",
      "geometry": {
        "type": "Point",
        "coordinates": [
          -95.3996550001781,
          29.6888949997045
        ]
      },
      "properties": {
        "id": 59200,
        "temperatureF": 94.64,
        "localTime": "2020-08-07 15:06:00"
      }
    },
    {
      "type": "Feature",
      "geometry": {
        "type": "Point",
        "coordinates": [
          -95.3995699998556,
          29.6888966670476
        ]
      },
      "properties": {
        "id": 59201,
        "temperatureF": 94.46,
        "localTime": "2020-08-07 15:06:00"
      }
    },
    {
      "type": "Feature",
      "geometry": {
        "type": "Point",
        "coordinates": [
          -95.3994783337581,
          29.6888999999351
        ]
      },
      "properties": {
        "id": 59202,
        "temperatureF": 94.46,
        "localTime": "2020-08-07 15:06:00"
      }
    },
    {
      "type": "Feature",
      "geometry": {
        "type": "Point",
        "coordinates": [
          -95.3993783336432,
          29.6889033337219
        ]
      },
      "properties": {
        "id": 59203,
        "temperatureF": 94.46,
        "localTime": "2020-08-07 15:06:00"
      }
    },
    {
      "type": "Feature",
      "geometry": {
        "type": "Point",
        "coordinates": [
          -95.3992683330671,
          29.6889066666094
        ]
      },
      "properties": {
        "id": 59204,
        "temperatureF": 94.46,
        "localTime": "2020-08-07 15:06:00"
      }
    },
    {
      "type": "Feature",
      "geometry": {
        "type": "Point",
        "coordinates": [
          -95.3991549996035,
          29.6889066666094
        ]
      },
      "properties": {
        "id": 59205,
        "temperatureF": 94.64,
        "localTime": "2020-08-07 15:06:00"
      }
    },
    {
      "type": "Feature",
      "geometry": {
        "type": "Point",
        "coordinates": [
          -95.3990383332525,
          29.6889050001657
        ]
      },
      "properties": {
        "id": 59206,
        "temperatureF": 94.64,
        "localTime": "2020-08-07 15:06:00"
      }
    },
    {
      "type": "Feature",
      "geometry": {
        "type": "Point",
        "coordinates": [
          -95.3989166666708,
          29.6889016663788
        ]
      },
      "properties": {
        "id": 59207,
        "temperatureF": 94.64,
        "localTime": "2020-08-07 15:06:00"
      }
    },
    {
      "type": "Feature",
      "geometry": {
        "type": "Point",
        "coordinates": [
          -95.3987950000891,
          29.6888983334914
        ]
      },
      "properties": {
        "id": 59208,
        "temperatureF": 94.64,
        "localTime": "2020-08-07 15:06:00"
      }
    },
    {
      "type": "Feature",
      "geometry": {
        "type": "Point",
        "coordinates": [
          -95.3986699997207,
          29.6888966670476
        ]
      },
      "properties": {
        "id": 59209,
        "temperatureF": 94.46,
        "localTime": "2020-08-07 15:06:00"
      }
    },
    {
      "type": "Feature",
      "geometry": {
        "type": "Point",
        "coordinates": [
          -95.3985433329084,
          29.6888983334914
        ]
      },
      "properties": {
        "id": 59210,
        "temperatureF": 94.46,
        "localTime": "2020-08-07 15:06:00"
      }
    },
    {
      "type": "Feature",
      "geometry": {
        "type": "Point",
        "coordinates": [
          -95.3984133332088,
          29.6888983334914
        ]
      },
      "properties": {
        "id": 59211,
        "temperatureF": 94.46,
        "localTime": "2020-08-07 15:06:00"
      }
    },
    {
      "type": "Feature",
      "geometry": {
        "type": "Point",
        "coordinates": [
          -95.3982799997221,
          29.6888999999351
        ]
      },
      "properties": {
        "id": 59212,
        "temperatureF": 94.46,
        "localTime": "2020-08-07 15:06:00"
      }
    },
    {
      "type": "Feature",
      "geometry": {
        "type": "Point",
        "coordinates": [
          -95.3980016667435,
          29.6888949997045
        ]
      },
      "properties": {
        "id": 59213,
        "temperatureF": 94.46,
        "localTime": "2020-08-07 15:06:00"
      }
    },
    {
      "type": "Feature",
      "geometry": {
        "type": "Point",
        "coordinates": [
          -95.3978633330263,
          29.6888949997045
        ]
      },
      "properties": {
        "id": 59214,
        "temperatureF": 94.46,
        "localTime": "2020-08-07 15:06:00"
      }
    },
    {
      "type": "Feature",
      "geometry": {
        "type": "Point",
        "coordinates": [
          -95.3977266666523,
          29.6888966670476
        ]
      },
      "properties": {
        "id": 59215,
        "temperatureF": 94.28,
        "localTime": "2020-08-07 15:06:00"
      }
    },
    {
      "type": "Feature",
      "geometry": {
        "type": "Point",
        "coordinates": [
          -95.3975900002782,
          29.6888966670476
        ]
      },
      "properties": {
        "id": 59216,
        "temperatureF": 94.28,
        "localTime": "2020-08-07 15:06:00"
      }
    },
    {
      "type": "Feature",
      "geometry": {
        "type": "Point",
        "coordinates": [
          -95.3975900002782,
          29.6888966670476
        ]
      },
      "properties": {
        "id": 59217,
        "temperatureF": 94.28,
        "localTime": "2020-08-07 15:06:00"
      }
    },
    {
      "type": "Feature",
      "geometry": {
        "type": "Point",
        "coordinates": [
          -95.3973183330746,
          29.6888949997045
        ]
      },
      "properties": {
        "id": 59218,
        "temperatureF": 94.28,
        "localTime": "2020-08-07 15:06:00"
      }
    },
    {
      "type": "Feature",
      "geometry": {
        "type": "Point",
        "coordinates": [
          -95.3971833331443,
          29.6888949997045
        ]
      },
      "properties": {
        "id": 59219,
        "temperatureF": 94.28,
        "localTime": "2020-08-07 15:06:00"
      }
    },
    {
      "type": "Feature",
      "geometry": {
        "type": "Point",
        "coordinates": [
          -95.3970499996577,
          29.6888949997045
        ]
      },
      "properties": {
        "id": 59220,
        "temperatureF": 94.28,
        "localTime": "2020-08-07 15:06:00"
      }
    },
    {
      "type": "Feature",
      "geometry": {
        "type": "Point",
        "coordinates": [
          -95.3969149997274,
          29.6888966670476
        ]
      },
      "properties": {
        "id": 59221,
        "temperatureF": 94.28,
        "localTime": "2020-08-07 15:06:00"
      }
    },
    {
      "type": "Feature",
      "geometry": {
        "type": "Point",
        "coordinates": [
          -95.3967816662409,
          29.6888983334914
        ]
      },
      "properties": {
        "id": 59222,
        "temperatureF": 94.28,
        "localTime": "2020-08-07 15:06:00"
      }
    },
    {
      "type": "Feature",
      "geometry": {
        "type": "Point",
        "coordinates": [
          -95.3966466663106,
          29.6888966670476
        ]
      },
      "properties": {
        "id": 59223,
        "temperatureF": 94.28,
        "localTime": "2020-08-07 15:06:00"
      }
    },
    {
      "type": "Feature",
      "geometry": {
        "type": "Point",
        "coordinates": [
          -95.3965099999365,
          29.6888949997045
        ]
      },
      "properties": {
        "id": 59224,
        "temperatureF": 94.28,
        "localTime": "2020-08-07 15:06:00"
      }
    },
    {
      "type": "Feature",
      "geometry": {
        "type": "Point",
        "coordinates": [
          -95.3963750000062,
          29.6888966670476
        ]
      },
      "properties": {
        "id": 59225,
        "temperatureF": 94.1,
        "localTime": "2020-08-07 15:06:00"
      }
    },
    {
      "type": "Feature",
      "geometry": {
        "type": "Point",
        "coordinates": [
          -95.3962416665196,
          29.6889016663788
        ]
      },
      "properties": {
        "id": 59226,
        "temperatureF": 94.1,
        "localTime": "2020-08-07 15:06:00"
      }
    },
    {
      "type": "Feature",
      "geometry": {
        "type": "Point",
        "coordinates": [
          -95.3961050001456,
          29.6889050001657
        ]
      },
      "properties": {
        "id": 59227,
        "temperatureF": 94.1,
        "localTime": "2020-08-07 15:06:00"
      }
    },
    {
      "type": "Feature",
      "geometry": {
        "type": "Point",
        "coordinates": [
          -95.3959716666591,
          29.6889100003963
        ]
      },
      "properties": {
        "id": 59228,
        "temperatureF": 94.1,
        "localTime": "2020-08-07 15:06:00"
      }
    },
    {
      "type": "Feature",
      "geometry": {
        "type": "Point",
        "coordinates": [
          -95.3958383331725,
          29.68891166684
        ]
      },
      "properties": {
        "id": 59229,
        "temperatureF": 94.28,
        "localTime": "2020-08-07 15:07:00"
      }
    },
    {
      "type": "Feature",
      "geometry": {
        "type": "Point",
        "coordinates": [
          -95.3957099999165,
          29.6889133332838
        ]
      },
      "properties": {
        "id": 59230,
        "temperatureF": 94.28,
        "localTime": "2020-08-07 15:07:00"
      }
    },
    {
      "type": "Feature",
      "geometry": {
        "type": "Point",
        "coordinates": [
          -95.3955833331043,
          29.6889149997275
        ]
      },
      "properties": {
        "id": 59231,
        "temperatureF": 94.28,
        "localTime": "2020-08-07 15:07:00"
      }
    },
    {
      "type": "Feature",
      "geometry": {
        "type": "Point",
        "coordinates": [
          -95.3954600000789,
          29.6889166670706
        ]
      },
      "properties": {
        "id": 59232,
        "temperatureF": 94.28,
        "localTime": "2020-08-07 15:07:00"
      }
    },
    {
      "type": "Feature",
      "geometry": {
        "type": "Point",
        "coordinates": [
          -95.395339999941,
          29.6889199999581
        ]
      },
      "properties": {
        "id": 59233,
        "temperatureF": 94.28,
        "localTime": "2020-08-07 15:07:00"
      }
    },
    {
      "type": "Feature",
      "geometry": {
        "type": "Point",
        "coordinates": [
          -95.3952216662469,
          29.6889216664018
        ]
      },
      "properties": {
        "id": 59234,
        "temperatureF": 94.28,
        "localTime": "2020-08-07 15:07:00"
      }
    },
    {
      "type": "Feature",
      "geometry": {
        "type": "Point",
        "coordinates": [
          -95.3951100001264,
          29.6889199999581
        ]
      },
      "properties": {
        "id": 59235,
        "temperatureF": 94.28,
        "localTime": "2020-08-07 15:07:00"
      }
    },
    {
      "type": "Feature",
      "geometry": {
        "type": "Point",
        "coordinates": [
          -95.3950083335677,
          29.6889216664018
        ]
      },
      "properties": {
        "id": 59236,
        "temperatureF": 94.28,
        "localTime": "2020-08-07 15:07:00"
      }
    },
    {
      "type": "Feature",
      "geometry": {
        "type": "Point",
        "coordinates": [
          -95.3949133336834,
          29.6889199999581
        ]
      },
      "properties": {
        "id": 59237,
        "temperatureF": 94.28,
        "localTime": "2020-08-07 15:07:00"
      }
    },
    {
      "type": "Feature",
      "geometry": {
        "type": "Point",
        "coordinates": [
          -95.394836666479,
          29.6889250001886
        ]
      },
      "properties": {
        "id": 59238,
        "temperatureF": 94.28,
        "localTime": "2020-08-07 15:07:00"
      }
    },
    {
      "type": "Feature",
      "geometry": {
        "type": "Point",
        "coordinates": [
          -95.3947683332919,
          29.6889266666324
        ]
      },
      "properties": {
        "id": 59239,
        "temperatureF": 94.28,
        "localTime": "2020-08-07 15:07:00"
      }
    },
    {
      "type": "Feature",
      "geometry": {
        "type": "Point",
        "coordinates": [
          -95.3947149998973,
          29.6889266666324
        ]
      },
      "properties": {
        "id": 59240,
        "temperatureF": 94.28,
        "localTime": "2020-08-07 15:07:00"
      }
    },
    {
      "type": "Feature",
      "geometry": {
        "type": "Point",
        "coordinates": [
          -95.3946749998513,
          29.6889300004193
        ]
      },
      "properties": {
        "id": 59241,
        "temperatureF": 94.28,
        "localTime": "2020-08-07 15:07:00"
      }
    },
    {
      "type": "Feature",
      "geometry": {
        "type": "Point",
        "coordinates": [
          -95.3946149997824,
          29.6889283330761
        ]
      },
      "properties": {
        "id": 59242,
        "temperatureF": 94.28,
        "localTime": "2020-08-07 15:07:00"
      }
    },
    {
      "type": "Feature",
      "geometry": {
        "type": "Point",
        "coordinates": [
          -95.3945733332927,
          29.6889266666324
        ]
      },
      "properties": {
        "id": 59243,
        "temperatureF": 94.28,
        "localTime": "2020-08-07 15:07:00"
      }
    },
    {
      "type": "Feature",
      "geometry": {
        "type": "Point",
        "coordinates": [
          -95.3944349995755,
          29.6889233337449
        ]
      },
      "properties": {
        "id": 59244,
        "temperatureF": 94.46,
        "localTime": "2020-08-07 15:07:00"
      }
    },
    {
      "type": "Feature",
      "geometry": {
        "type": "Point",
        "coordinates": [
          -95.3943449999218,
          29.6889250001886
        ]
      },
      "properties": {
        "id": 59245,
        "temperatureF": 94.46,
        "localTime": "2020-08-07 15:07:00"
      }
    },
    {
      "type": "Feature",
      "geometry": {
        "type": "Point",
        "coordinates": [
          -95.3942433333631,
          29.6889300004193
        ]
      },
      "properties": {
        "id": 59246,
        "temperatureF": 94.28,
        "localTime": "2020-08-07 15:07:00"
      }
    },
    {
      "type": "Feature",
      "geometry": {
        "type": "Point",
        "coordinates": [
          -95.3941333336863,
          29.6889366670936
        ]
      },
      "properties": {
        "id": 59247,
        "temperatureF": 94.28,
        "localTime": "2020-08-07 15:07:00"
      }
    },
    {
      "type": "Feature",
      "geometry": {
        "type": "Point",
        "coordinates": [
          -95.3937633337109,
          29.6889549997735
        ]
      },
      "properties": {
        "id": 59248,
        "temperatureF": 94.1,
        "localTime": "2020-08-07 15:07:00"
      }
    },
    {
      "type": "Feature",
      "geometry": {
        "type": "Point",
        "coordinates": [
          -95.3936349995556,
          29.6889583335603
        ]
      },
      "properties": {
        "id": 59249,
        "temperatureF": 94.1,
        "localTime": "2020-08-07 15:07:00"
      }
    },
    {
      "type": "Feature",
      "geometry": {
        "type": "Point",
        "coordinates": [
          -95.3935066662996,
          29.6889583335603
        ]
      },
      "properties": {
        "id": 59250,
        "temperatureF": 93.92,
        "localTime": "2020-08-07 15:07:00"
      }
    },
    {
      "type": "Feature",
      "geometry": {
        "type": "Point",
        "coordinates": [
          -95.3933800003867,
          29.6889600000041
        ]
      },
      "properties": {
        "id": 59251,
        "temperatureF": 93.92,
        "localTime": "2020-08-07 15:07:00"
      }
    },
    {
      "type": "Feature",
      "geometry": {
        "type": "Point",
        "coordinates": [
          -95.3932516662314,
          29.6889616664478
        ]
      },
      "properties": {
        "id": 59252,
        "temperatureF": 93.92,
        "localTime": "2020-08-07 15:07:00"
      }
    },
    {
      "type": "Feature",
      "geometry": {
        "type": "Point",
        "coordinates": [
          -95.3931233329754,
          29.6889600000041
        ]
      },
      "properties": {
        "id": 59253,
        "temperatureF": 93.92,
        "localTime": "2020-08-07 15:07:00"
      }
    },
    {
      "type": "Feature",
      "geometry": {
        "type": "Point",
        "coordinates": [
          -95.3929916668319,
          29.6889566662172
        ]
      },
      "properties": {
        "id": 59254,
        "temperatureF": 93.74,
        "localTime": "2020-08-07 15:07:00"
      }
    },
    {
      "type": "Feature",
      "geometry": {
        "type": "Point",
        "coordinates": [
          -95.3928599997891,
          29.6889533333297
        ]
      },
      "properties": {
        "id": 59255,
        "temperatureF": 93.74,
        "localTime": "2020-08-07 15:07:00"
      }
    },
    {
      "type": "Feature",
      "geometry": {
        "type": "Point",
        "coordinates": [
          -95.3927266663026,
          29.6889500004422
        ]
      },
      "properties": {
        "id": 59256,
        "temperatureF": 93.74,
        "localTime": "2020-08-07 15:07:00"
      }
    },
    {
      "type": "Feature",
      "geometry": {
        "type": "Point",
        "coordinates": [
          -95.3925933337154,
          29.6889483330991
        ]
      },
      "properties": {
        "id": 59257,
        "temperatureF": 93.74,
        "localTime": "2020-08-07 15:07:00"
      }
    },
    {
      "type": "Feature",
      "geometry": {
        "type": "Point",
        "coordinates": [
          -95.3924600002288,
          29.6889483330991
        ]
      },
      "properties": {
        "id": 59258,
        "temperatureF": 93.74,
        "localTime": "2020-08-07 15:07:00"
      }
    },
    {
      "type": "Feature",
      "geometry": {
        "type": "Point",
        "coordinates": [
          -95.392328333186,
          29.6889500004422
        ]
      },
      "properties": {
        "id": 59259,
        "temperatureF": 93.74,
        "localTime": "2020-08-07 15:07:00"
      }
    },
    {
      "type": "Feature",
      "geometry": {
        "type": "Point",
        "coordinates": [
          -95.3921983334862,
          29.6889500004422
        ]
      },
      "properties": {
        "id": 59260,
        "temperatureF": 93.74,
        "localTime": "2020-08-07 15:07:00"
      }
    },
    {
      "type": "Feature",
      "geometry": {
        "type": "Point",
        "coordinates": [
          -95.3920666664434,
          29.6889516668859
        ]
      },
      "properties": {
        "id": 59261,
        "temperatureF": 93.74,
        "localTime": "2020-08-07 15:07:00"
      }
    },
    {
      "type": "Feature",
      "geometry": {
        "type": "Point",
        "coordinates": [
          -95.3919333329569,
          29.6889483330991
        ]
      },
      "properties": {
        "id": 59262,
        "temperatureF": 93.92,
        "localTime": "2020-08-07 15:07:00"
      }
    },
    {
      "type": "Feature",
      "geometry": {
        "type": "Point",
        "coordinates": [
          -95.3917983330266,
          29.6889416664248
        ]
      },
      "properties": {
        "id": 59263,
        "temperatureF": 93.92,
        "localTime": "2020-08-07 15:07:00"
      }
    },
    {
      "type": "Feature",
      "geometry": {
        "type": "Point",
        "coordinates": [
          -95.3916666668831,
          29.6889349997505
        ]
      },
      "properties": {
        "id": 59264,
        "temperatureF": 93.74,
        "localTime": "2020-08-07 15:07:00"
      }
    },
    {
      "type": "Feature",
      "geometry": {
        "type": "Point",
        "coordinates": [
          -95.3915333333966,
          29.6889183335143
        ]
      },
      "properties": {
        "id": 59265,
        "temperatureF": 93.74,
        "localTime": "2020-08-07 15:07:00"
      }
    },
    {
      "type": "Feature",
      "geometry": {
        "type": "Point",
        "coordinates": [
          -95.3914016663538,
          29.6888983334914
        ]
      },
      "properties": {
        "id": 59266,
        "temperatureF": 93.74,
        "localTime": "2020-08-07 15:07:00"
      }
    },
    {
      "type": "Feature",
      "geometry": {
        "type": "Point",
        "coordinates": [
          -95.3912766668846,
          29.6888766670246
        ]
      },
      "properties": {
        "id": 59267,
        "temperatureF": 93.74,
        "localTime": "2020-08-07 15:07:00"
      }
    },
    {
      "type": "Feature",
      "geometry": {
        "type": "Point",
        "coordinates": [
          -95.3911566667467,
          29.6888549996585
        ]
      },
      "properties": {
        "id": 59268,
        "temperatureF": 93.74,
        "localTime": "2020-08-07 15:07:00"
      }
    },
    {
      "type": "Feature",
      "geometry": {
        "type": "Point",
        "coordinates": [
          -95.3910449997269,
          29.6888300003043
        ]
      },
      "properties": {
        "id": 59269,
        "temperatureF": 93.74,
        "localTime": "2020-08-07 15:07:00"
      }
    },
    {
      "type": "Feature",
      "geometry": {
        "type": "Point",
        "coordinates": [
          -95.3906933333307,
          29.6887566668867
        ]
      },
      "properties": {
        "id": 59270,
        "temperatureF": 93.56,
        "localTime": "2020-08-07 15:07:00"
      }
    },
    {
      "type": "Feature",
      "geometry": {
        "type": "Point",
        "coordinates": [
          -95.3906366670485,
          29.6887416670943
        ]
      },
      "properties": {
        "id": 59271,
        "temperatureF": 93.56,
        "localTime": "2020-08-07 15:07:00"
      }
    },
    {
      "type": "Feature",
      "geometry": {
        "type": "Point",
        "coordinates": [
          -95.3905966670026,
          29.6887300001894
        ]
      },
      "properties": {
        "id": 59272,
        "temperatureF": 93.74,
        "localTime": "2020-08-07 15:07:00"
      }
    },
    {
      "type": "Feature",
      "geometry": {
        "type": "Point",
        "coordinates": [
          -95.3905966670026,
          29.6887300001894
        ]
      },
      "properties": {
        "id": 59273,
        "temperatureF": 93.74,
        "localTime": "2020-08-07 15:07:00"
      }
    },
    {
      "type": "Feature",
      "geometry": {
        "type": "Point",
        "coordinates": [
          -95.3905366669336,
          29.688695000374
        ]
      },
      "properties": {
        "id": 59274,
        "temperatureF": 93.56,
        "localTime": "2020-08-07 15:07:00"
      }
    },
    {
      "type": "Feature",
      "geometry": {
        "type": "Point",
        "coordinates": [
          -95.3905216662419,
          29.688673333008
        ]
      },
      "properties": {
        "id": 59275,
        "temperatureF": 93.74,
        "localTime": "2020-08-07 15:07:00"
      }
    },
    {
      "type": "Feature",
      "geometry": {
        "type": "Point",
        "coordinates": [
          -95.3905183333544,
          29.6886383331926
        ]
      },
      "properties": {
        "id": 59276,
        "temperatureF": 93.74,
        "localTime": "2020-08-07 15:07:00"
      }
    },
    {
      "type": "Feature",
      "geometry": {
        "type": "Point",
        "coordinates": [
          -95.3905283329162,
          29.688593332916
        ]
      },
      "properties": {
        "id": 59277,
        "temperatureF": 93.56,
        "localTime": "2020-08-07 15:07:00"
      }
    },
    {
      "type": "Feature",
      "geometry": {
        "type": "Point",
        "coordinates": [
          -95.3905450000517,
          29.6885400004207
        ]
      },
      "properties": {
        "id": 59278,
        "temperatureF": 93.56,
        "localTime": "2020-08-07 15:07:00"
      }
    },
    {
      "type": "Feature",
      "geometry": {
        "type": "Point",
        "coordinates": [
          -95.390571666749,
          29.688476666565
        ]
      },
      "properties": {
        "id": 59279,
        "temperatureF": 93.74,
        "localTime": "2020-08-07 15:08:00"
      }
    },
    {
      "type": "Feature",
      "geometry": {
        "type": "Point",
        "coordinates": [
          -95.3905983334463,
          29.6884000002598
        ]
      },
      "properties": {
        "id": 59280,
        "temperatureF": 93.74,
        "localTime": "2020-08-07 15:08:00"
      }
    },
    {
      "type": "Feature",
      "geometry": {
        "type": "Point",
        "coordinates": [
          -95.3906266665874,
          29.6883149999373
        ]
      },
      "properties": {
        "id": 59281,
        "temperatureF": 93.74,
        "localTime": "2020-08-07 15:08:00"
      }
    },
    {
      "type": "Feature",
      "geometry": {
        "type": "Point",
        "coordinates": [
          -95.390659999959,
          29.6882233329405
        ]
      },
      "properties": {
        "id": 59282,
        "temperatureF": 93.74,
        "localTime": "2020-08-07 15:08:00"
      }
    },
    {
      "type": "Feature",
      "geometry": {
        "type": "Point",
        "coordinates": [
          -95.3906949997744,
          29.6881233337249
        ]
      },
      "properties": {
        "id": 59283,
        "temperatureF": 93.74,
        "localTime": "2020-08-07 15:08:00"
      }
    },
    {
      "type": "Feature",
      "geometry": {
        "type": "Point",
        "coordinates": [
          -95.3907299995898,
          29.6880216662669
        ]
      },
      "properties": {
        "id": 59284,
        "temperatureF": 93.74,
        "localTime": "2020-08-07 15:08:00"
      }
    },
    {
      "type": "Feature",
      "geometry": {
        "type": "Point",
        "coordinates": [
          -95.3907650003045,
          29.6879133330339
        ]
      },
      "properties": {
        "id": 59285,
        "temperatureF": 93.74,
        "localTime": "2020-08-07 15:08:00"
      }
    },
    {
      "type": "Feature",
      "geometry": {
        "type": "Point",
        "coordinates": [
          -95.3908016665636,
          29.6877983331266
        ]
      },
      "properties": {
        "id": 59286,
        "temperatureF": 93.74,
        "localTime": "2020-08-07 15:08:00"
      }
    },
    {
      "type": "Feature",
      "geometry": {
        "type": "Point",
        "coordinates": [
          -95.390836666379,
          29.6876816667756
        ]
      },
      "properties": {
        "id": 59287,
        "temperatureF": 93.74,
        "localTime": "2020-08-07 15:08:00"
      }
    },
    {
      "type": "Feature",
      "geometry": {
        "type": "Point",
        "coordinates": [
          -95.3908749999812,
          29.6875616666377
        ]
      },
      "properties": {
        "id": 59288,
        "temperatureF": 93.74,
        "localTime": "2020-08-07 15:08:00"
      }
    },
    {
      "type": "Feature",
      "geometry": {
        "type": "Point",
        "coordinates": [
          -95.3909133335835,
          29.6874416664997
        ]
      },
      "properties": {
        "id": 59289,
        "temperatureF": 93.92,
        "localTime": "2020-08-07 15:08:00"
      }
    },
    {
      "type": "Feature",
      "geometry": {
        "type": "Point",
        "coordinates": [
          -95.3909533336294,
          29.6873216663619
        ]
      },
      "properties": {
        "id": 59290,
        "temperatureF": 93.92,
        "localTime": "2020-08-07 15:08:00"
      }
    },
    {
      "type": "Feature",
      "geometry": {
        "type": "Point",
        "coordinates": [
          -95.3909916663323,
          29.6872083328983
        ]
      },
      "properties": {
        "id": 59291,
        "temperatureF": 94.1,
        "localTime": "2020-08-07 15:08:00"
      }
    },
    {
      "type": "Feature",
      "geometry": {
        "type": "Point",
        "coordinates": [
          -95.3910333337213,
          29.6870950003341
        ]
      },
      "properties": {
        "id": 59292,
        "temperatureF": 94.1,
        "localTime": "2020-08-07 15:08:00"
      }
    },
    {
      "type": "Feature",
      "geometry": {
        "type": "Point",
        "coordinates": [
          -95.3910733337673,
          29.6869833333142
        ]
      },
      "properties": {
        "id": 59293,
        "temperatureF": 94.28,
        "localTime": "2020-08-07 15:08:00"
      }
    },
    {
      "type": "Feature",
      "geometry": {
        "type": "Point",
        "coordinates": [
          -95.391115000257,
          29.6868683334069
        ]
      },
      "properties": {
        "id": 59294,
        "temperatureF": 94.28,
        "localTime": "2020-08-07 15:08:00"
      }
    },
    {
      "type": "Feature",
      "geometry": {
        "type": "Point",
        "coordinates": [
          -95.3911583331905,
          29.6867566663871
        ]
      },
      "properties": {
        "id": 59295,
        "temperatureF": 94.28,
        "localTime": "2020-08-07 15:08:00"
      }
    },
    {
      "type": "Feature",
      "geometry": {
        "type": "Point",
        "coordinates": [
          -95.3911983332364,
          29.6866466667104
        ]
      },
      "properties": {
        "id": 59296,
        "temperatureF": 94.28,
        "localTime": "2020-08-07 15:08:00"
      }
    },
    {
      "type": "Feature",
      "geometry": {
        "type": "Point",
        "coordinates": [
          -95.3912366668387,
          29.6865399999211
        ]
      },
      "properties": {
        "id": 59297,
        "temperatureF": 94.28,
        "localTime": "2020-08-07 15:08:00"
      }
    },
    {
      "type": "Feature",
      "geometry": {
        "type": "Point",
        "coordinates": [
          -95.3912733330978,
          29.6864333331318
        ]
      },
      "properties": {
        "id": 59298,
        "temperatureF": 94.28,
        "localTime": "2020-08-07 15:08:00"
      }
    },
    {
      "type": "Feature",
      "geometry": {
        "type": "Point",
        "coordinates": [
          -95.3913083329132,
          29.6863266663426
        ]
      },
      "properties": {
        "id": 59299,
        "temperatureF": 94.28,
        "localTime": "2020-08-07 15:08:00"
      }
    },
    {
      "type": "Feature",
      "geometry": {
        "type": "Point",
        "coordinates": [
          -95.3913383333974,
          29.6862233333402
        ]
      },
      "properties": {
        "id": 59300,
        "temperatureF": 94.28,
        "localTime": "2020-08-07 15:08:00"
      }
    },
    {
      "type": "Feature",
      "geometry": {
        "type": "Point",
        "coordinates": [
          -95.3914116668149,
          29.6859316670129
        ]
      },
      "properties": {
        "id": 59301,
        "temperatureF": 94.46,
        "localTime": "2020-08-07 15:08:00"
      }
    },
    {
      "type": "Feature",
      "geometry": {
        "type": "Point",
        "coordinates": [
          -95.3914366670685,
          29.6858466666904
        ]
      },
      "properties": {
        "id": 59302,
        "temperatureF": 94.28,
        "localTime": "2020-08-07 15:08:00"
      }
    },
    {
      "type": "Feature",
      "geometry": {
        "type": "Point",
        "coordinates": [
          -95.3914616664227,
          29.685771666829
        ]
      },
      "properties": {
        "id": 59303,
        "temperatureF": 94.28,
        "localTime": "2020-08-07 15:08:00"
      }
    },
    {
      "type": "Feature",
      "geometry": {
        "type": "Point",
        "coordinates": [
          -95.3914850002325,
          29.685703333642
        ]
      },
      "properties": {
        "id": 59304,
        "temperatureF": 94.46,
        "localTime": "2020-08-07 15:08:00"
      }
    },
    {
      "type": "Feature",
      "geometry": {
        "type": "Point",
        "coordinates": [
          -95.3914850002325,
          29.685703333642
        ]
      },
      "properties": {
        "id": 59305,
        "temperatureF": 94.46,
        "localTime": "2020-08-07 15:08:00"
      }
    },
    {
      "type": "Feature",
      "geometry": {
        "type": "Point",
        "coordinates": [
          -95.3915266667223,
          29.6855966668527
        ]
      },
      "properties": {
        "id": 59306,
        "temperatureF": 94.46,
        "localTime": "2020-08-07 15:08:00"
      }
    },
    {
      "type": "Feature",
      "geometry": {
        "type": "Point",
        "coordinates": [
          -95.3915400000709,
          29.6855599996943
        ]
      },
      "properties": {
        "id": 59307,
        "temperatureF": 94.46,
        "localTime": "2020-08-07 15:08:00"
      }
    },
    {
      "type": "Feature",
      "geometry": {
        "type": "Point",
        "coordinates": [
          -95.391548333189,
          29.685533332997
        ]
      },
      "properties": {
        "id": 59308,
        "temperatureF": 94.46,
        "localTime": "2020-08-07 15:08:00"
      }
    },
    {
      "type": "Feature",
      "geometry": {
        "type": "Point",
        "coordinates": [
          -95.3915549998633,
          29.6855249998789
        ]
      },
      "properties": {
        "id": 59309,
        "temperatureF": 94.46,
        "localTime": "2020-08-07 15:08:00"
      }
    },
    {
      "type": "Feature",
      "geometry": {
        "type": "Point",
        "coordinates": [
          -95.3915549998633,
          29.6855216669914
        ]
      },
      "properties": {
        "id": 59310,
        "temperatureF": 94.82,
        "localTime": "2020-08-07 15:09:00"
      }
    },
    {
      "type": "Feature",
      "geometry": {
        "type": "Point",
        "coordinates": [
          -95.3915416665147,
          29.6854750002711
        ]
      },
      "properties": {
        "id": 59311,
        "temperatureF": 94.82,
        "localTime": "2020-08-07 15:09:00"
      }
    },
    {
      "type": "Feature",
      "geometry": {
        "type": "Point",
        "coordinates": [
          -95.3915066666993,
          29.6854316664383
        ]
      },
      "properties": {
        "id": 59312,
        "temperatureF": 94.82,
        "localTime": "2020-08-07 15:09:00"
      }
    },
    {
      "type": "Feature",
      "geometry": {
        "type": "Point",
        "coordinates": [
          -95.3914533333046,
          29.6854000004097
        ]
      },
      "properties": {
        "id": 59313,
        "temperatureF": 94.82,
        "localTime": "2020-08-07 15:09:00"
      }
    },
    {
      "type": "Feature",
      "geometry": {
        "type": "Point",
        "coordinates": [
          -95.3913850001176,
          29.6853866670611
        ]
      },
      "properties": {
        "id": 59314,
        "temperatureF": 95,
        "localTime": "2020-08-07 15:09:00"
      }
    },
    {
      "type": "Feature",
      "geometry": {
        "type": "Point",
        "coordinates": [
          -95.3913050000257,
          29.6853816668305
        ]
      },
      "properties": {
        "id": 59315,
        "temperatureF": 95,
        "localTime": "2020-08-07 15:09:00"
      }
    },
    {
      "type": "Feature",
      "geometry": {
        "type": "Point",
        "coordinates": [
          -95.3912166668157,
          29.6853800003868
        ]
      },
      "properties": {
        "id": 59316,
        "temperatureF": 95,
        "localTime": "2020-08-07 15:09:00"
      }
    },
    {
      "type": "Feature",
      "geometry": {
        "type": "Point",
        "coordinates": [
          -95.3911233333751,
          29.6853766666
        ]
      },
      "properties": {
        "id": 59317,
        "temperatureF": 95,
        "localTime": "2020-08-07 15:09:00"
      }
    },
    {
      "type": "Feature",
      "geometry": {
        "type": "Point",
        "coordinates": [
          -95.3910249997039,
          29.6853750001562
        ]
      },
      "properties": {
        "id": 59318,
        "temperatureF": 95,
        "localTime": "2020-08-07 15:09:00"
      }
    },
    {
      "type": "Feature",
      "geometry": {
        "type": "Point",
        "coordinates": [
          -95.3909200002578,
          29.6853716663693
        ]
      },
      "properties": {
        "id": 59319,
        "temperatureF": 95,
        "localTime": "2020-08-07 15:09:00"
      }
    },
    {
      "type": "Feature",
      "geometry": {
        "type": "Point",
        "coordinates": [
          -95.3908149999123,
          29.6853683334818
        ]
      },
      "properties": {
        "id": 59320,
        "temperatureF": 95.18,
        "localTime": "2020-08-07 15:09:00"
      }
    },
    {
      "type": "Feature",
      "geometry": {
        "type": "Point",
        "coordinates": [
          -95.3907099995668,
          29.6853666670381
        ]
      },
      "properties": {
        "id": 59321,
        "temperatureF": 95.18,
        "localTime": "2020-08-07 15:09:00"
      }
    },
    {
      "type": "Feature",
      "geometry": {
        "type": "Point",
        "coordinates": [
          -95.3906050001206,
          29.6853683334818
        ]
      },
      "properties": {
        "id": 59322,
        "temperatureF": 95.18,
        "localTime": "2020-08-07 15:09:00"
      }
    },
    {
      "type": "Feature",
      "geometry": {
        "type": "Point",
        "coordinates": [
          -95.3904983333314,
          29.6853666670381
        ]
      },
      "properties": {
        "id": 59323,
        "temperatureF": 95.18,
        "localTime": "2020-08-07 15:09:00"
      }
    },
    {
      "type": "Feature",
      "geometry": {
        "type": "Point",
        "coordinates": [
          -95.3903816669803,
          29.6853666670381
        ]
      },
      "properties": {
        "id": 59324,
        "temperatureF": 95.18,
        "localTime": "2020-08-07 15:09:00"
      }
    },
    {
      "type": "Feature",
      "geometry": {
        "type": "Point",
        "coordinates": [
          -95.3902566666118,
          29.6853666670381
        ]
      },
      "properties": {
        "id": 59325,
        "temperatureF": 95.18,
        "localTime": "2020-08-07 15:09:00"
      }
    },
    {
      "type": "Feature",
      "geometry": {
        "type": "Point",
        "coordinates": [
          -95.390124999569,
          29.6853666670381
        ]
      },
      "properties": {
        "id": 59326,
        "temperatureF": 95.18,
        "localTime": "2020-08-07 15:09:00"
      }
    },
    {
      "type": "Feature",
      "geometry": {
        "type": "Point",
        "coordinates": [
          -95.3900466668202,
          29.7023633330015
        ]
      },
      "properties": {
        "id": 59670,
        "temperatureF": 94.82,
        "localTime": "2020-08-07 15:16:00"
      }
    },
    {
      "type": "Feature",
      "geometry": {
        "type": "Point",
        "coordinates": [
          -95.3901233331253,
          29.7022966662582
        ]
      },
      "properties": {
        "id": 59671,
        "temperatureF": 94.82,
        "localTime": "2020-08-07 15:16:00"
      }
    },
    {
      "type": "Feature",
      "geometry": {
        "type": "Point",
        "coordinates": [
          -95.3901966665428,
          29.7022333333018
        ]
      },
      "properties": {
        "id": 59672,
        "temperatureF": 94.82,
        "localTime": "2020-08-07 15:16:00"
      }
    },
    {
      "type": "Feature",
      "geometry": {
        "type": "Point",
        "coordinates": [
          -95.3902683335168,
          29.7021700003453
        ]
      },
      "properties": {
        "id": 59673,
        "temperatureF": 94.64,
        "localTime": "2020-08-07 15:16:00"
      }
    },
    {
      "type": "Feature",
      "geometry": {
        "type": "Point",
        "coordinates": [
          -95.39033500026,
          29.702103333602
        ]
      },
      "properties": {
        "id": 59674,
        "temperatureF": 94.64,
        "localTime": "2020-08-07 15:17:00"
      }
    },
    {
      "type": "Feature",
      "geometry": {
        "type": "Point",
        "coordinates": [
          -95.3903983332165,
          29.702035000415
        ]
      },
      "properties": {
        "id": 59675,
        "temperatureF": 94.28,
        "localTime": "2020-08-07 15:17:00"
      }
    },
    {
      "type": "Feature",
      "geometry": {
        "type": "Point",
        "coordinates": [
          -95.390463333516,
          29.7019649998849
        ]
      },
      "properties": {
        "id": 59676,
        "temperatureF": 94.28,
        "localTime": "2020-08-07 15:17:00"
      }
    },
    {
      "type": "Feature",
      "geometry": {
        "type": "Point",
        "coordinates": [
          -95.390579999867,
          29.7018200003927
        ]
      },
      "properties": {
        "id": 59677,
        "temperatureF": 94.1,
        "localTime": "2020-08-07 15:17:00"
      }
    },
    {
      "type": "Feature",
      "geometry": {
        "type": "Point",
        "coordinates": [
          -95.3906366670485,
          29.7017466669752
        ]
      },
      "properties": {
        "id": 59678,
        "temperatureF": 94.1,
        "localTime": "2020-08-07 15:17:00"
      }
    },
    {
      "type": "Feature",
      "geometry": {
        "type": "Point",
        "coordinates": [
          -95.3906900004432,
          29.7016683333269
        ]
      },
      "properties": {
        "id": 59679,
        "temperatureF": 93.92,
        "localTime": "2020-08-07 15:17:00"
      }
    },
    {
      "type": "Feature",
      "geometry": {
        "type": "Point",
        "coordinates": [
          -95.3907400000509,
          29.7015933334656
        ]
      },
      "properties": {
        "id": 59680,
        "temperatureF": 93.92,
        "localTime": "2020-08-07 15:17:00"
      }
    },
    {
      "type": "Feature",
      "geometry": {
        "type": "Point",
        "coordinates": [
          -95.3907400000509,
          29.7015933334656
        ]
      },
      "properties": {
        "id": 59681,
        "temperatureF": 93.74,
        "localTime": "2020-08-07 15:17:00"
      }
    },
    {
      "type": "Feature",
      "geometry": {
        "type": "Point",
        "coordinates": [
          -95.3908250003734,
          29.7014349997255
        ]
      },
      "properties": {
        "id": 59682,
        "temperatureF": 93.74,
        "localTime": "2020-08-07 15:17:00"
      }
    },
    {
      "type": "Feature",
      "geometry": {
        "type": "Point",
        "coordinates": [
          -95.3908616666326,
          29.7013533331898
        ]
      },
      "properties": {
        "id": 59683,
        "temperatureF": 93.56,
        "localTime": "2020-08-07 15:17:00"
      }
    },
    {
      "type": "Feature",
      "geometry": {
        "type": "Point",
        "coordinates": [
          -95.390896666448,
          29.7012700002104
        ]
      },
      "properties": {
        "id": 59684,
        "temperatureF": 93.56,
        "localTime": "2020-08-07 15:17:00"
      }
    },
    {
      "type": "Feature",
      "geometry": {
        "type": "Point",
        "coordinates": [
          -95.3909299998196,
          29.7011900001185
        ]
      },
      "properties": {
        "id": 59685,
        "temperatureF": 93.56,
        "localTime": "2020-08-07 15:17:00"
      }
    },
    {
      "type": "Feature",
      "geometry": {
        "type": "Point",
        "coordinates": [
          -95.3909583329607,
          29.7011116664703
        ]
      },
      "properties": {
        "id": 59686,
        "temperatureF": 93.56,
        "localTime": "2020-08-07 15:17:00"
      }
    },
    {
      "type": "Feature",
      "geometry": {
        "type": "Point",
        "coordinates": [
          -95.390984999658,
          29.7010316663783
        ]
      },
      "properties": {
        "id": 59687,
        "temperatureF": 93.56,
        "localTime": "2020-08-07 15:17:00"
      }
    },
    {
      "type": "Feature",
      "geometry": {
        "type": "Point",
        "coordinates": [
          -95.3910083334678,
          29.7009499998427
        ]
      },
      "properties": {
        "id": 59688,
        "temperatureF": 93.56,
        "localTime": "2020-08-07 15:17:00"
      }
    },
    {
      "type": "Feature",
      "geometry": {
        "type": "Point",
        "coordinates": [
          -95.3910316663782,
          29.700868333307
        ]
      },
      "properties": {
        "id": 59689,
        "temperatureF": 93.74,
        "localTime": "2020-08-07 15:17:00"
      }
    },
    {
      "type": "Feature",
      "geometry": {
        "type": "Point",
        "coordinates": [
          -95.3910550001881,
          29.700788333215
        ]
      },
      "properties": {
        "id": 59690,
        "temperatureF": 93.74,
        "localTime": "2020-08-07 15:17:00"
      }
    },
    {
      "type": "Feature",
      "geometry": {
        "type": "Point",
        "coordinates": [
          -95.3910699999805,
          29.7007183335843
        ]
      },
      "properties": {
        "id": 59691,
        "temperatureF": 93.56,
        "localTime": "2020-08-07 15:17:00"
      }
    },
    {
      "type": "Feature",
      "geometry": {
        "type": "Point",
        "coordinates": [
          -95.3910800004416,
          29.7006616664028
        ]
      },
      "properties": {
        "id": 59692,
        "temperatureF": 93.56,
        "localTime": "2020-08-07 15:17:00"
      }
    },
    {
      "type": "Feature",
      "geometry": {
        "type": "Point",
        "coordinates": [
          -95.3910883335597,
          29.7006183334694
        ]
      },
      "properties": {
        "id": 59693,
        "temperatureF": 93.56,
        "localTime": "2020-08-07 15:17:00"
      }
    },
    {
      "type": "Feature",
      "geometry": {
        "type": "Point",
        "coordinates": [
          -95.391095000234,
          29.7005866665415
        ]
      },
      "properties": {
        "id": 59694,
        "temperatureF": 93.56,
        "localTime": "2020-08-07 15:17:00"
      }
    },
    {
      "type": "Feature",
      "geometry": {
        "type": "Point",
        "coordinates": [
          -95.3910983331215,
          29.700563333631
        ]
      },
      "properties": {
        "id": 59695,
        "temperatureF": 93.74,
        "localTime": "2020-08-07 15:17:00"
      }
    },
    {
      "type": "Feature",
      "geometry": {
        "type": "Point",
        "coordinates": [
          -95.3911083335827,
          29.7005116666801
        ]
      },
      "properties": {
        "id": 59696,
        "temperatureF": 93.74,
        "localTime": "2020-08-07 15:17:00"
      }
    },
    {
      "type": "Feature",
      "geometry": {
        "type": "Point",
        "coordinates": [
          -95.3911133329139,
          29.700475000421
        ]
      },
      "properties": {
        "id": 59697,
        "temperatureF": 93.74,
        "localTime": "2020-08-07 15:17:00"
      }
    },
    {
      "type": "Feature",
      "geometry": {
        "type": "Point",
        "coordinates": [
          -95.3911166667008,
          29.7004283337007
        ]
      },
      "properties": {
        "id": 59698,
        "temperatureF": 93.74,
        "localTime": "2020-08-07 15:17:00"
      }
    },
    {
      "type": "Feature",
      "geometry": {
        "type": "Point",
        "coordinates": [
          -95.3911199995883,
          29.7003783331936
        ]
      },
      "properties": {
        "id": 59699,
        "temperatureF": 93.74,
        "localTime": "2020-08-07 15:17:00"
      }
    },
    {
      "type": "Feature",
      "geometry": {
        "type": "Point",
        "coordinates": [
          -95.3911199995883,
          29.7003166666809
        ]
      },
      "properties": {
        "id": 59700,
        "temperatureF": 93.74,
        "localTime": "2020-08-07 15:17:00"
      }
    },
    {
      "type": "Feature",
      "geometry": {
        "type": "Point",
        "coordinates": [
          -95.3911166667008,
          29.7002466670501
        ]
      },
      "properties": {
        "id": 59701,
        "temperatureF": 93.56,
        "localTime": "2020-08-07 15:17:00"
      }
    },
    {
      "type": "Feature",
      "geometry": {
        "type": "Point",
        "coordinates": [
          -95.3911133329139,
          29.70017666652
        ]
      },
      "properties": {
        "id": 59702,
        "temperatureF": 93.56,
        "localTime": "2020-08-07 15:17:00"
      }
    },
    {
      "type": "Feature",
      "geometry": {
        "type": "Point",
        "coordinates": [
          -95.3911066662396,
          29.7000983337712
        ]
      },
      "properties": {
        "id": 59703,
        "temperatureF": 93.56,
        "localTime": "2020-08-07 15:17:00"
      }
    },
    {
      "type": "Feature",
      "geometry": {
        "type": "Point",
        "coordinates": [
          -95.391095000234,
          29.7000083332181
        ]
      },
      "properties": {
        "id": 59704,
        "temperatureF": 93.56,
        "localTime": "2020-08-07 15:17:00"
      }
    },
    {
      "type": "Feature",
      "geometry": {
        "type": "Point",
        "coordinates": [
          -95.3910800004416,
          29.6999183335643
        ]
      },
      "properties": {
        "id": 59705,
        "temperatureF": 93.56,
        "localTime": "2020-08-07 15:17:00"
      }
    },
    {
      "type": "Feature",
      "geometry": {
        "type": "Point",
        "coordinates": [
          -95.3910633333061,
          29.6998283330112
        ]
      },
      "properties": {
        "id": 59706,
        "temperatureF": 93.56,
        "localTime": "2020-08-07 15:17:00"
      }
    },
    {
      "type": "Feature",
      "geometry": {
        "type": "Point",
        "coordinates": [
          -95.39104666707,
          29.6997383333575
        ]
      },
      "properties": {
        "id": 59707,
        "temperatureF": 93.56,
        "localTime": "2020-08-07 15:17:00"
      }
    },
    {
      "type": "Feature",
      "geometry": {
        "type": "Point",
        "coordinates": [
          -95.3910283334907,
          29.6996483337037
        ]
      },
      "properties": {
        "id": 59708,
        "temperatureF": 93.56,
        "localTime": "2020-08-07 15:17:00"
      }
    },
    {
      "type": "Feature",
      "geometry": {
        "type": "Point",
        "coordinates": [
          -95.3909816667705,
          29.6994483334739
        ]
      },
      "properties": {
        "id": 59709,
        "temperatureF": 93.56,
        "localTime": "2020-08-07 15:17:00"
      }
    },
    {
      "type": "Feature",
      "geometry": {
        "type": "Point",
        "coordinates": [
          -95.3909566665169,
          29.6993499998027
        ]
      },
      "properties": {
        "id": 59710,
        "temperatureF": 93.56,
        "localTime": "2020-08-07 15:17:00"
      }
    },
    {
      "type": "Feature",
      "geometry": {
        "type": "Point",
        "coordinates": [
          -95.3908916662174,
          29.6990599999191
        ]
      },
      "properties": {
        "id": 59711,
        "temperatureF": 93.56,
        "localTime": "2020-08-07 15:17:00"
      }
    },
    {
      "type": "Feature",
      "geometry": {
        "type": "Point",
        "coordinates": [
          -95.3908666668631,
          29.6989700002654
        ]
      },
      "properties": {
        "id": 59712,
        "temperatureF": 93.56,
        "localTime": "2020-08-07 15:17:00"
      }
    },
    {
      "type": "Feature",
      "geometry": {
        "type": "Point",
        "coordinates": [
          -95.3908433330533,
          29.6988833334991
        ]
      },
      "properties": {
        "id": 59713,
        "temperatureF": 93.92,
        "localTime": "2020-08-07 15:17:00"
      }
    },
    {
      "type": "Feature",
      "geometry": {
        "type": "Point",
        "coordinates": [
          -95.3908299997047,
          29.6988100000815
        ]
      },
      "properties": {
        "id": 59714,
        "temperatureF": 93.92,
        "localTime": "2020-08-07 15:17:00"
      }
    },
    {
      "type": "Feature",
      "geometry": {
        "type": "Point",
        "coordinates": [
          -95.3908200001429,
          29.6987516664563
        ]
      },
      "properties": {
        "id": 59715,
        "temperatureF": 93.74,
        "localTime": "2020-08-07 15:17:00"
      }
    },
    {
      "type": "Feature",
      "geometry": {
        "type": "Point",
        "coordinates": [
          -95.3908083332379,
          29.698704999736
        ]
      },
      "properties": {
        "id": 59716,
        "temperatureF": 93.74,
        "localTime": "2020-08-07 15:17:00"
      }
    },
    {
      "type": "Feature",
      "geometry": {
        "type": "Point",
        "coordinates": [
          -95.3907983336761,
          29.6986683334769
        ]
      },
      "properties": {
        "id": 59717,
        "temperatureF": 93.74,
        "localTime": "2020-08-07 15:17:00"
      }
    },
    {
      "type": "Feature",
      "geometry": {
        "type": "Point",
        "coordinates": [
          -95.390788333215,
          29.698636666549
        ]
      },
      "properties": {
        "id": 59718,
        "temperatureF": 93.74,
        "localTime": "2020-08-07 15:17:00"
      }
    },
    {
      "type": "Feature",
      "geometry": {
        "type": "Point",
        "coordinates": [
          -95.3907800000969,
          29.6986066669642
        ]
      },
      "properties": {
        "id": 59719,
        "temperatureF": 93.56,
        "localTime": "2020-08-07 15:17:00"
      }
    },
    {
      "type": "Feature",
      "geometry": {
        "type": "Point",
        "coordinates": [
          -95.3907716669788,
          29.6985666669182
        ]
      },
      "properties": {
        "id": 59720,
        "temperatureF": 93.56,
        "localTime": "2020-08-07 15:17:00"
      }
    },
    {
      "type": "Feature",
      "geometry": {
        "type": "Point",
        "coordinates": [
          -95.3907600000739,
          29.6985200001979
        ]
      },
      "properties": {
        "id": 59721,
        "temperatureF": 93.56,
        "localTime": "2020-08-07 15:17:00"
      }
    },
    {
      "type": "Feature",
      "geometry": {
        "type": "Point",
        "coordinates": [
          -95.3907499996128,
          29.698468333247
        ]
      },
      "properties": {
        "id": 59722,
        "temperatureF": 93.56,
        "localTime": "2020-08-07 15:17:00"
      }
    },
    {
      "type": "Feature",
      "geometry": {
        "type": "Point",
        "coordinates": [
          -95.3907383336071,
          29.6984133334087
        ]
      },
      "properties": {
        "id": 59723,
        "temperatureF": 93.74,
        "localTime": "2020-08-07 15:17:00"
      }
    },
    {
      "type": "Feature",
      "geometry": {
        "type": "Point",
        "coordinates": [
          -95.3907349998203,
          29.698360000014
        ]
      },
      "properties": {
        "id": 59724,
        "temperatureF": 93.74,
        "localTime": "2020-08-07 15:17:00"
      }
    },
    {
      "type": "Feature",
      "geometry": {
        "type": "Point",
        "coordinates": [
          -95.3907433329384,
          29.6983133332938
        ]
      },
      "properties": {
        "id": 59725,
        "temperatureF": 93.74,
        "localTime": "2020-08-07 15:17:00"
      }
    },
    {
      "type": "Feature",
      "geometry": {
        "type": "Point",
        "coordinates": [
          -95.3907633329614,
          29.6982700003603
        ]
      },
      "properties": {
        "id": 59726,
        "temperatureF": 93.74,
        "localTime": "2020-08-07 15:17:00"
      }
    },
    {
      "type": "Feature",
      "geometry": {
        "type": "Point",
        "coordinates": [
          -95.3908099996817,
          29.6982483329942
        ]
      },
      "properties": {
        "id": 59727,
        "temperatureF": 93.92,
        "localTime": "2020-08-07 15:17:00"
      }
    },
    {
      "type": "Feature",
      "geometry": {
        "type": "Point",
        "coordinates": [
          -95.3908733335375,
          29.6982300003143
        ]
      },
      "properties": {
        "id": 59728,
        "temperatureF": 93.92,
        "localTime": "2020-08-07 15:18:00"
      }
    },
    {
      "type": "Feature",
      "geometry": {
        "type": "Point",
        "coordinates": [
          -95.3909533336294,
          29.6982116667351
        ]
      },
      "properties": {
        "id": 59729,
        "temperatureF": 94.1,
        "localTime": "2020-08-07 15:18:00"
      }
    },
    {
      "type": "Feature",
      "geometry": {
        "type": "Point",
        "coordinates": [
          -95.3910433332832,
          29.6981900002684
        ]
      },
      "properties": {
        "id": 59730,
        "temperatureF": 94.1,
        "localTime": "2020-08-07 15:18:00"
      }
    },
    {
      "type": "Feature",
      "geometry": {
        "type": "Point",
        "coordinates": [
          -95.3911449998418,
          29.6981683329023
        ]
      },
      "properties": {
        "id": 59731,
        "temperatureF": 94.1,
        "localTime": "2020-08-07 15:18:00"
      }
    },
    {
      "type": "Feature",
      "geometry": {
        "type": "Point",
        "coordinates": [
          -95.3912533330748,
          29.698143333548
        ]
      },
      "properties": {
        "id": 59732,
        "temperatureF": 94.1,
        "localTime": "2020-08-07 15:18:00"
      }
    },
    {
      "type": "Feature",
      "geometry": {
        "type": "Point",
        "coordinates": [
          -95.3913650000947,
          29.6981199997382
        ]
      },
      "properties": {
        "id": 59733,
        "temperatureF": 94.1,
        "localTime": "2020-08-07 15:18:00"
      }
    },
    {
      "type": "Feature",
      "geometry": {
        "type": "Point",
        "coordinates": [
          -95.3914766671144,
          29.6980966668278
        ]
      },
      "properties": {
        "id": 59734,
        "temperatureF": 94.1,
        "localTime": "2020-08-07 15:18:00"
      }
    },
    {
      "type": "Feature",
      "geometry": {
        "type": "Point",
        "coordinates": [
          -95.3915850003474,
          29.6980716665742
        ]
      },
      "properties": {
        "id": 59735,
        "temperatureF": 94.1,
        "localTime": "2020-08-07 15:18:00"
      }
    },
    {
      "type": "Feature",
      "geometry": {
        "type": "Point",
        "coordinates": [
          -95.3916950000242,
          29.6980449998769
        ]
      },
      "properties": {
        "id": 59736,
        "temperatureF": 94.1,
        "localTime": "2020-08-07 15:18:00"
      }
    },
    {
      "type": "Feature",
      "geometry": {
        "type": "Point",
        "coordinates": [
          -95.3918049997009,
          29.6980183331796
        ]
      },
      "properties": {
        "id": 59737,
        "temperatureF": 94.1,
        "localTime": "2020-08-07 15:18:00"
      }
    },
    {
      "type": "Feature",
      "geometry": {
        "type": "Point",
        "coordinates": [
          -95.3920300001843,
          29.6979633333412
        ]
      },
      "properties": {
        "id": 59738,
        "temperatureF": 94.1,
        "localTime": "2020-08-07 15:18:00"
      }
    },
    {
      "type": "Feature",
      "geometry": {
        "type": "Point",
        "coordinates": [
          -95.3921466665354,
          29.6979350002002
        ]
      },
      "properties": {
        "id": 59739,
        "temperatureF": 94.1,
        "localTime": "2020-08-07 15:18:00"
      }
    },
    {
      "type": "Feature",
      "geometry": {
        "type": "Point",
        "coordinates": [
          -95.3921466665354,
          29.6979350002002
        ]
      },
      "properties": {
        "id": 59740,
        "temperatureF": 94.1,
        "localTime": "2020-08-07 15:18:00"
      }
    },
    {
      "type": "Feature",
      "geometry": {
        "type": "Point",
        "coordinates": [
          -95.3923766663501,
          29.6978766665749
        ]
      },
      "properties": {
        "id": 59741,
        "temperatureF": 93.92,
        "localTime": "2020-08-07 15:18:00"
      }
    },
    {
      "type": "Feature",
      "geometry": {
        "type": "Point",
        "coordinates": [
          -95.3924883333698,
          29.6978516663214
        ]
      },
      "properties": {
        "id": 59742,
        "temperatureF": 93.92,
        "localTime": "2020-08-07 15:18:00"
      }
    },
    {
      "type": "Feature",
      "geometry": {
        "type": "Point",
        "coordinates": [
          -95.3926000003897,
          29.6978266669672
        ]
      },
      "properties": {
        "id": 59743,
        "temperatureF": 93.74,
        "localTime": "2020-08-07 15:18:00"
      }
    },
    {
      "type": "Feature",
      "geometry": {
        "type": "Point",
        "coordinates": [
          -95.392715000297,
          29.6978000002699
        ]
      },
      "properties": {
        "id": 59744,
        "temperatureF": 93.74,
        "localTime": "2020-08-07 15:18:00"
      }
    },
    {
      "type": "Feature",
      "geometry": {
        "type": "Point",
        "coordinates": [
          -95.392715000297,
          29.6978000002699
        ]
      },
      "properties": {
        "id": 59745,
        "temperatureF": 93.74,
        "localTime": "2020-08-07 15:18:00"
      }
    },
    {
      "type": "Feature",
      "geometry": {
        "type": "Point",
        "coordinates": [
          -95.3929466665554,
          29.6977450004315
        ]
      },
      "properties": {
        "id": 59746,
        "temperatureF": 93.74,
        "localTime": "2020-08-07 15:18:00"
      }
    },
    {
      "type": "Feature",
      "geometry": {
        "type": "Point",
        "coordinates": [
          -95.3930633329065,
          29.6977149999473
        ]
      },
      "properties": {
        "id": 59747,
        "temperatureF": 93.92,
        "localTime": "2020-08-07 15:18:00"
      }
    },
    {
      "type": "Feature",
      "geometry": {
        "type": "Point",
        "coordinates": [
          -95.3931816666006,
          29.6976866668063
        ]
      },
      "properties": {
        "id": 59748,
        "temperatureF": 93.92,
        "localTime": "2020-08-07 15:18:00"
      }
    },
    {
      "type": "Feature",
      "geometry": {
        "type": "Point",
        "coordinates": [
          -95.3933016667385,
          29.6976600001089
        ]
      },
      "properties": {
        "id": 59749,
        "temperatureF": 93.92,
        "localTime": "2020-08-07 15:18:00"
      }
    },
    {
      "type": "Feature",
      "geometry": {
        "type": "Point",
        "coordinates": [
          -95.3934166666458,
          29.6976299996248
        ]
      },
      "properties": {
        "id": 59750,
        "temperatureF": 93.92,
        "localTime": "2020-08-07 15:18:00"
      }
    },
    {
      "type": "Feature",
      "geometry": {
        "type": "Point",
        "coordinates": [
          -95.3935366667837,
          29.6976033329275
        ]
      },
      "properties": {
        "id": 59751,
        "temperatureF": 94.28,
        "localTime": "2020-08-07 15:18:00"
      }
    },
    {
      "type": "Feature",
      "geometry": {
        "type": "Point",
        "coordinates": [
          -95.3936599998091,
          29.6975783335733
        ]
      },
      "properties": {
        "id": 59752,
        "temperatureF": 94.28,
        "localTime": "2020-08-07 15:18:00"
      }
    },
    {
      "type": "Feature",
      "geometry": {
        "type": "Point",
        "coordinates": [
          -95.3937866666213,
          29.6975483330892
        ]
      },
      "properties": {
        "id": 59753,
        "temperatureF": 94.46,
        "localTime": "2020-08-07 15:18:00"
      }
    },
    {
      "type": "Feature",
      "geometry": {
        "type": "Point",
        "coordinates": [
          -95.3939116669898,
          29.6975183335043
        ]
      },
      "properties": {
        "id": 59754,
        "temperatureF": 94.46,
        "localTime": "2020-08-07 15:18:00"
      }
    },
    {
      "type": "Feature",
      "geometry": {
        "type": "Point",
        "coordinates": [
          -95.3940266668971,
          29.6974850001327
        ]
      },
      "properties": {
        "id": 59755,
        "temperatureF": 94.46,
        "localTime": "2020-08-07 15:18:00"
      }
    },
    {
      "type": "Feature",
      "geometry": {
        "type": "Point",
        "coordinates": [
          -95.3941499999226,
          29.6974566669916
        ]
      },
      "properties": {
        "id": 59756,
        "temperatureF": 94.46,
        "localTime": "2020-08-07 15:18:00"
      }
    },
    {
      "type": "Feature",
      "geometry": {
        "type": "Point",
        "coordinates": [
          -95.3942733329479,
          29.6974250000637
        ]
      },
      "properties": {
        "id": 59757,
        "temperatureF": 94.64,
        "localTime": "2020-08-07 15:18:00"
      }
    },
    {
      "type": "Feature",
      "geometry": {
        "type": "Point",
        "coordinates": [
          -95.3943983333164,
          29.6973933331359
        ]
      },
      "properties": {
        "id": 59758,
        "temperatureF": 94.64,
        "localTime": "2020-08-07 15:18:00"
      }
    },
    {
      "type": "Feature",
      "geometry": {
        "type": "Point",
        "coordinates": [
          -95.3945233336848,
          29.6973616671073
        ]
      },
      "properties": {
        "id": 59759,
        "temperatureF": 94.64,
        "localTime": "2020-08-07 15:18:00"
      }
    },
    {
      "type": "Feature",
      "geometry": {
        "type": "Point",
        "coordinates": [
          -95.394648333154,
          29.6973316666231
        ]
      },
      "properties": {
        "id": 59760,
        "temperatureF": 94.64,
        "localTime": "2020-08-07 15:18:00"
      }
    },
    {
      "type": "Feature",
      "geometry": {
        "type": "Point",
        "coordinates": [
          -95.3947749999662,
          29.6973033334821
        ]
      },
      "properties": {
        "id": 59761,
        "temperatureF": 94.64,
        "localTime": "2020-08-07 15:18:00"
      }
    },
    {
      "type": "Feature",
      "geometry": {
        "type": "Point",
        "coordinates": [
          -95.3949000003347,
          29.697273332998
        ]
      },
      "properties": {
        "id": 59762,
        "temperatureF": 94.64,
        "localTime": "2020-08-07 15:18:00"
      }
    },
    {
      "type": "Feature",
      "geometry": {
        "type": "Point",
        "coordinates": [
          -95.3950266662476,
          29.6972433334132
        ]
      },
      "properties": {
        "id": 59763,
        "temperatureF": 94.64,
        "localTime": "2020-08-07 15:18:00"
      }
    },
    {
      "type": "Feature",
      "geometry": {
        "type": "Point",
        "coordinates": [
          -95.3951533330599,
          29.6972116664853
        ]
      },
      "properties": {
        "id": 59764,
        "temperatureF": 94.64,
        "localTime": "2020-08-07 15:18:00"
      }
    },
    {
      "type": "Feature",
      "geometry": {
        "type": "Point",
        "coordinates": [
          -95.3952783334283,
          29.6971799995574
        ]
      },
      "properties": {
        "id": 59765,
        "temperatureF": 94.82,
        "localTime": "2020-08-07 15:18:00"
      }
    },
    {
      "type": "Feature",
      "geometry": {
        "type": "Point",
        "coordinates": [
          -95.3954033328974,
          29.6971499999726
        ]
      },
      "properties": {
        "id": 59766,
        "temperatureF": 94.82,
        "localTime": "2020-08-07 15:18:00"
      }
    },
    {
      "type": "Feature",
      "geometry": {
        "type": "Point",
        "coordinates": [
          -95.3955283332659,
          29.6971183330447
        ]
      },
      "properties": {
        "id": 59767,
        "temperatureF": 94.82,
        "localTime": "2020-08-07 15:18:00"
      }
    },
    {
      "type": "Feature",
      "geometry": {
        "type": "Point",
        "coordinates": [
          -95.3956533336344,
          29.6970883334599
        ]
      },
      "properties": {
        "id": 59768,
        "temperatureF": 94.82,
        "localTime": "2020-08-07 15:18:00"
      }
    },
    {
      "type": "Feature",
      "geometry": {
        "type": "Point",
        "coordinates": [
          -95.3957783331036,
          29.6970583329758
        ]
      },
      "properties": {
        "id": 59769,
        "temperatureF": 94.64,
        "localTime": "2020-08-07 15:18:00"
      }
    },
    {
      "type": "Feature",
      "geometry": {
        "type": "Point",
        "coordinates": [
          -95.3959016670283,
          29.6970266669472
        ]
      },
      "properties": {
        "id": 59770,
        "temperatureF": 94.64,
        "localTime": "2020-08-07 15:18:00"
      }
    },
    {
      "type": "Feature",
      "geometry": {
        "type": "Point",
        "coordinates": [
          -95.3961533333097,
          29.696968333322
        ]
      },
      "properties": {
        "id": 59771,
        "temperatureF": 94.64,
        "localTime": "2020-08-07 15:18:00"
      }
    },
    {
      "type": "Feature",
      "geometry": {
        "type": "Point",
        "coordinates": [
          -95.3962800001219,
          29.6969366663941
        ]
      },
      "properties": {
        "id": 59772,
        "temperatureF": 94.64,
        "localTime": "2020-08-07 15:18:00"
      }
    },
    {
      "type": "Feature",
      "geometry": {
        "type": "Point",
        "coordinates": [
          -95.396404999591,
          29.6969066668093
        ]
      },
      "properties": {
        "id": 59773,
        "temperatureF": 94.64,
        "localTime": "2020-08-07 15:18:00"
      }
    },
    {
      "type": "Feature",
      "geometry": {
        "type": "Point",
        "coordinates": [
          -95.3966500000974,
          29.6968499996278
        ]
      },
      "properties": {
        "id": 59774,
        "temperatureF": 94.82,
        "localTime": "2020-08-07 15:18:00"
      }
    },
    {
      "type": "Feature",
      "geometry": {
        "type": "Point",
        "coordinates": [
          -95.3967683328922,
          29.6968216664867
        ]
      },
      "properties": {
        "id": 59775,
        "temperatureF": 94.82,
        "localTime": "2020-08-07 15:18:00"
      }
    },
    {
      "type": "Feature",
      "geometry": {
        "type": "Point",
        "coordinates": [
          -95.3968850001426,
          29.6967949997895
        ]
      },
      "properties": {
        "id": 59776,
        "temperatureF": 94.82,
        "localTime": "2020-08-07 15:18:00"
      }
    },
    {
      "type": "Feature",
      "geometry": {
        "type": "Point",
        "coordinates": [
          -95.3969983336062,
          29.6967683330922
        ]
      },
      "properties": {
        "id": 59777,
        "temperatureF": 94.82,
        "localTime": "2020-08-07 15:18:00"
      }
    },
    {
      "type": "Feature",
      "geometry": {
        "type": "Point",
        "coordinates": [
          -95.3969983336062,
          29.6967683330922
        ]
      },
      "properties": {
        "id": 59778,
        "temperatureF": 94.82,
        "localTime": "2020-08-07 15:18:00"
      }
    },
    {
      "type": "Feature",
      "geometry": {
        "type": "Point",
        "coordinates": [
          -95.3972200003028,
          29.69671166681
        ]
      },
      "properties": {
        "id": 59779,
        "temperatureF": 94.82,
        "localTime": "2020-08-07 15:18:00"
      }
    },
    {
      "type": "Feature",
      "geometry": {
        "type": "Point",
        "coordinates": [
          -95.3973333337663,
          29.6966850001127
        ]
      },
      "properties": {
        "id": 59780,
        "temperatureF": 95,
        "localTime": "2020-08-07 15:18:00"
      }
    },
    {
      "type": "Feature",
      "geometry": {
        "type": "Point",
        "coordinates": [
          -95.3974466663306,
          29.6966616663029
        ]
      },
      "properties": {
        "id": 59781,
        "temperatureF": 95,
        "localTime": "2020-08-07 15:18:00"
      }
    },
    {
      "type": "Feature",
      "geometry": {
        "type": "Point",
        "coordinates": [
          -95.3975599997941,
          29.6966399998362
        ]
      },
      "properties": {
        "id": 59782,
        "temperatureF": 95.18,
        "localTime": "2020-08-07 15:18:00"
      }
    },
    {
      "type": "Feature",
      "geometry": {
        "type": "Point",
        "coordinates": [
          -95.3976683330271,
          29.6966166669257
        ]
      },
      "properties": {
        "id": 59783,
        "temperatureF": 95.18,
        "localTime": "2020-08-07 15:18:00"
      }
    },
    {
      "type": "Feature",
      "geometry": {
        "type": "Point",
        "coordinates": [
          -95.3977749998164,
          29.6965900002284
        ]
      },
      "properties": {
        "id": 59784,
        "temperatureF": 95.36,
        "localTime": "2020-08-07 15:18:00"
      }
    },
    {
      "type": "Feature",
      "geometry": {
        "type": "Point",
        "coordinates": [
          -95.3978866668361,
          29.6965633335311
        ]
      },
      "properties": {
        "id": 59785,
        "temperatureF": 95.36,
        "localTime": "2020-08-07 15:19:00"
      }
    },
    {
      "type": "Feature",
      "geometry": {
        "type": "Point",
        "coordinates": [
          -95.3979983329567,
          29.6965366668338
        ]
      },
      "properties": {
        "id": 59786,
        "temperatureF": 95.54,
        "localTime": "2020-08-07 15:19:00"
      }
    },
    {
      "type": "Feature",
      "geometry": {
        "type": "Point",
        "coordinates": [
          -95.3981133337633,
          29.6965066663496
        ]
      },
      "properties": {
        "id": 59787,
        "temperatureF": 95.54,
        "localTime": "2020-08-07 15:19:00"
      }
    },
    {
      "type": "Feature",
      "geometry": {
        "type": "Point",
        "coordinates": [
          -95.3982249998838,
          29.6964766667648
        ]
      },
      "properties": {
        "id": 59788,
        "temperatureF": 95.72,
        "localTime": "2020-08-07 15:19:00"
      }
    },
    {
      "type": "Feature",
      "geometry": {
        "type": "Point",
        "coordinates": [
          -95.3983383333474,
          29.6964466662807
        ]
      },
      "properties": {
        "id": 59789,
        "temperatureF": 95.72,
        "localTime": "2020-08-07 15:19:00"
      }
    },
    {
      "type": "Feature",
      "geometry": {
        "type": "Point",
        "coordinates": [
          -95.398451666811,
          29.6964183331396
        ]
      },
      "properties": {
        "id": 59790,
        "temperatureF": 96.08,
        "localTime": "2020-08-07 15:19:00"
      }
    },
    {
      "type": "Feature",
      "geometry": {
        "type": "Point",
        "coordinates": [
          -95.398568333162,
          29.6963899999985
        ]
      },
      "properties": {
        "id": 59791,
        "temperatureF": 96.08,
        "localTime": "2020-08-07 15:19:00"
      }
    },
    {
      "type": "Feature",
      "geometry": {
        "type": "Point",
        "coordinates": [
          -95.3986899997437,
          29.6963583330707
        ]
      },
      "properties": {
        "id": 59792,
        "temperatureF": 96.26,
        "localTime": "2020-08-07 15:19:00"
      }
    },
    {
      "type": "Feature",
      "geometry": {
        "type": "Point",
        "coordinates": [
          -95.3988133336684,
          29.696324999699
        ]
      },
      "properties": {
        "id": 59793,
        "temperatureF": 96.26,
        "localTime": "2020-08-07 15:19:00"
      }
    },
    {
      "type": "Feature",
      "geometry": {
        "type": "Point",
        "coordinates": [
          -95.3989399995813,
          29.6962950001142
        ]
      },
      "properties": {
        "id": 59794,
        "temperatureF": 96.08,
        "localTime": "2020-08-07 15:19:00"
      }
    },
    {
      "type": "Feature",
      "geometry": {
        "type": "Point",
        "coordinates": [
          -95.3990683337366,
          29.6962666669731
        ]
      },
      "properties": {
        "id": 59795,
        "temperatureF": 96.08,
        "localTime": "2020-08-07 15:19:00"
      }
    },
    {
      "type": "Feature",
      "geometry": {
        "type": "Point",
        "coordinates": [
          -95.3991966669926,
          29.6962383329327
        ]
      },
      "properties": {
        "id": 59796,
        "temperatureF": 96.08,
        "localTime": "2020-08-07 15:19:00"
      }
    },
    {
      "type": "Feature",
      "geometry": {
        "type": "Point",
        "coordinates": [
          -95.3993250002486,
          29.6962083333479
        ]
      },
      "properties": {
        "id": 59797,
        "temperatureF": 96.08,
        "localTime": "2020-08-07 15:19:00"
      }
    },
    {
      "type": "Feature",
      "geometry": {
        "type": "Point",
        "coordinates": [
          -95.3994549999483,
          29.69617666642
        ]
      },
      "properties": {
        "id": 59798,
        "temperatureF": 95.9,
        "localTime": "2020-08-07 15:19:00"
      }
    },
    {
      "type": "Feature",
      "geometry": {
        "type": "Point",
        "coordinates": [
          -95.399584999648,
          29.6961450003915
        ]
      },
      "properties": {
        "id": 59799,
        "temperatureF": 95.9,
        "localTime": "2020-08-07 15:19:00"
      }
    },
    {
      "type": "Feature",
      "geometry": {
        "type": "Point",
        "coordinates": [
          -95.399715000247,
          29.6961149999074
        ]
      },
      "properties": {
        "id": 59800,
        "temperatureF": 95.9,
        "localTime": "2020-08-07 15:19:00"
      }
    },
    {
      "type": "Feature",
      "geometry": {
        "type": "Point",
        "coordinates": [
          -95.3999799998771,
          29.6960516669509
        ]
      },
      "properties": {
        "id": 59801,
        "temperatureF": 95.9,
        "localTime": "2020-08-07 15:19:00"
      }
    },
    {
      "type": "Feature",
      "geometry": {
        "type": "Point",
        "coordinates": [
          -95.3999799998771,
          29.6960516669509
        ]
      },
      "properties": {
        "id": 59802,
        "temperatureF": 95.9,
        "localTime": "2020-08-07 15:19:00"
      }
    },
    {
      "type": "Feature",
      "geometry": {
        "type": "Point",
        "coordinates": [
          -95.4002450004064,
          29.6959883330952
        ]
      },
      "properties": {
        "id": 59803,
        "temperatureF": 95.9,
        "localTime": "2020-08-07 15:19:00"
      }
    },
    {
      "type": "Feature",
      "geometry": {
        "type": "Point",
        "coordinates": [
          -95.4005083335927,
          29.6959199999081
        ]
      },
      "properties": {
        "id": 59804,
        "temperatureF": 95.9,
        "localTime": "2020-08-07 15:19:00"
      }
    },
    {
      "type": "Feature",
      "geometry": {
        "type": "Point",
        "coordinates": [
          -95.4006383332924,
          29.6958883329802
        ]
      },
      "properties": {
        "id": 59805,
        "temperatureF": 96.08,
        "localTime": "2020-08-07 15:19:00"
      }
    },
    {
      "type": "Feature",
      "geometry": {
        "type": "Point",
        "coordinates": [
          -95.4006383332924,
          29.6958883329802
        ]
      },
      "properties": {
        "id": 59806,
        "temperatureF": 96.08,
        "localTime": "2020-08-07 15:19:00"
      }
    },
    {
      "type": "Feature",
      "geometry": {
        "type": "Point",
        "coordinates": [
          -95.4008850002425,
          29.6958333331419
        ]
      },
      "properties": {
        "id": 59807,
        "temperatureF": 96.44,
        "localTime": "2020-08-07 15:19:00"
      }
    },
    {
      "type": "Feature",
      "geometry": {
        "type": "Point",
        "coordinates": [
          -95.4010050003805,
          29.6958050000008
        ]
      },
      "properties": {
        "id": 59808,
        "temperatureF": 96.44,
        "localTime": "2020-08-07 15:19:00"
      }
    },
    {
      "type": "Feature",
      "geometry": {
        "type": "Point",
        "coordinates": [
          -95.401124999619,
          29.6957783333035
        ]
      },
      "properties": {
        "id": 59809,
        "temperatureF": 96.62,
        "localTime": "2020-08-07 15:19:00"
      }
    },
    {
      "type": "Feature",
      "geometry": {
        "type": "Point",
        "coordinates": [
          -95.4012433333131,
          29.6957533330499
        ]
      },
      "properties": {
        "id": 59810,
        "temperatureF": 96.62,
        "localTime": "2020-08-07 15:19:00"
      }
    },
    {
      "type": "Feature",
      "geometry": {
        "type": "Point",
        "coordinates": [
          -95.4013633334511,
          29.6957300001395
        ]
      },
      "properties": {
        "id": 59811,
        "temperatureF": 96.44,
        "localTime": "2020-08-07 15:19:00"
      }
    },
    {
      "type": "Feature",
      "geometry": {
        "type": "Point",
        "coordinates": [
          -95.4014866664764,
          29.6957049998859
        ]
      },
      "properties": {
        "id": 59812,
        "temperatureF": 96.44,
        "localTime": "2020-08-07 15:19:00"
      }
    },
    {
      "type": "Feature",
      "geometry": {
        "type": "Point",
        "coordinates": [
          -95.4016116668449,
          29.6956799996323
        ]
      },
      "properties": {
        "id": 59813,
        "temperatureF": 96.26,
        "localTime": "2020-08-07 15:19:00"
      }
    },
    {
      "type": "Feature",
      "geometry": {
        "type": "Point",
        "coordinates": [
          -95.401736666314,
          29.6956516664912
        ]
      },
      "properties": {
        "id": 59814,
        "temperatureF": 96.26,
        "localTime": "2020-08-07 15:19:00"
      }
    },
    {
      "type": "Feature",
      "geometry": {
        "type": "Point",
        "coordinates": [
          -95.4018633331263,
          29.6956233333502
        ]
      },
      "properties": {
        "id": 59815,
        "temperatureF": 96.44,
        "localTime": "2020-08-07 15:19:00"
      }
    },
    {
      "type": "Feature",
      "geometry": {
        "type": "Point",
        "coordinates": [
          -95.4019916663823,
          29.6955916664223
        ]
      },
      "properties": {
        "id": 59816,
        "temperatureF": 96.44,
        "localTime": "2020-08-07 15:19:00"
      }
    },
    {
      "type": "Feature",
      "geometry": {
        "type": "Point",
        "coordinates": [
          -95.4021183331945,
          29.6955616668375
        ]
      },
      "properties": {
        "id": 59817,
        "temperatureF": 96.26,
        "localTime": "2020-08-07 15:19:00"
      }
    },
    {
      "type": "Feature",
      "geometry": {
        "type": "Point",
        "coordinates": [
          -95.4022416662199,
          29.6955266670221
        ]
      },
      "properties": {
        "id": 59818,
        "temperatureF": 96.26,
        "localTime": "2020-08-07 15:19:00"
      }
    },
    {
      "type": "Feature",
      "geometry": {
        "type": "Point",
        "coordinates": [
          -95.4023666665884,
          29.6954933336505
        ]
      },
      "properties": {
        "id": 59819,
        "temperatureF": 96.26,
        "localTime": "2020-08-07 15:19:00"
      }
    },
    {
      "type": "Feature",
      "geometry": {
        "type": "Point",
        "coordinates": [
          -95.4024966662881,
          29.6954600002788
        ]
      },
      "properties": {
        "id": 59820,
        "temperatureF": 96.26,
        "localTime": "2020-08-07 15:19:00"
      }
    },
    {
      "type": "Feature",
      "geometry": {
        "type": "Point",
        "coordinates": [
          -95.4026283333309,
          29.6954266669072
        ]
      },
      "properties": {
        "id": 59821,
        "temperatureF": 96.08,
        "localTime": "2020-08-07 15:19:00"
      }
    },
    {
      "type": "Feature",
      "geometry": {
        "type": "Point",
        "coordinates": [
          -95.4027600003737,
          29.6953933335356
        ]
      },
      "properties": {
        "id": 59822,
        "temperatureF": 96.08,
        "localTime": "2020-08-07 15:19:00"
      }
    },
    {
      "type": "Feature",
      "geometry": {
        "type": "Point",
        "coordinates": [
          -95.4028933329609,
          29.6953600001639
        ]
      },
      "properties": {
        "id": 59823,
        "temperatureF": 96.26,
        "localTime": "2020-08-07 15:19:00"
      }
    },
    {
      "type": "Feature",
      "geometry": {
        "type": "Point",
        "coordinates": [
          -95.4030283328912,
          29.6953250003485
        ]
      },
      "properties": {
        "id": 59824,
        "temperatureF": 96.26,
        "localTime": "2020-08-07 15:19:00"
      }
    },
    {
      "type": "Feature",
      "geometry": {
        "type": "Point",
        "coordinates": [
          -95.403159999934,
          29.6952916669769
        ]
      },
      "properties": {
        "id": 59825,
        "temperatureF": 96.08,
        "localTime": "2020-08-07 15:19:00"
      }
    },
    {
      "type": "Feature",
      "geometry": {
        "type": "Point",
        "coordinates": [
          -95.4032933334205,
          29.6952633329365
        ]
      },
      "properties": {
        "id": 59826,
        "temperatureF": 96.08,
        "localTime": "2020-08-07 15:19:00"
      }
    },
    {
      "type": "Feature",
      "geometry": {
        "type": "Point",
        "coordinates": [
          -95.4034266669071,
          29.6952333333517
        ]
      },
      "properties": {
        "id": 59827,
        "temperatureF": 95.9,
        "localTime": "2020-08-07 15:19:00"
      }
    },
    {
      "type": "Feature",
      "geometry": {
        "type": "Point",
        "coordinates": [
          -95.4035566666068,
          29.6952016664238
        ]
      },
      "properties": {
        "id": 59828,
        "temperatureF": 95.9,
        "localTime": "2020-08-07 15:19:00"
      }
    },
    {
      "type": "Feature",
      "geometry": {
        "type": "Point",
        "coordinates": [
          -95.4036900000934,
          29.695171666839
        ]
      },
      "properties": {
        "id": 59829,
        "temperatureF": 95.54,
        "localTime": "2020-08-07 15:19:00"
      }
    },
    {
      "type": "Feature",
      "geometry": {
        "type": "Point",
        "coordinates": [
          -95.4038199997931,
          29.6951399999111
        ]
      },
      "properties": {
        "id": 59830,
        "temperatureF": 95.54,
        "localTime": "2020-08-07 15:19:00"
      }
    },
    {
      "type": "Feature",
      "geometry": {
        "type": "Point",
        "coordinates": [
          -95.4039466666053,
          29.6951066665395
        ]
      },
      "properties": {
        "id": 59831,
        "temperatureF": 95.36,
        "localTime": "2020-08-07 15:19:00"
      }
    },
    {
      "type": "Feature",
      "geometry": {
        "type": "Point",
        "coordinates": [
          -95.4040699996307,
          29.6950749996116
        ]
      },
      "properties": {
        "id": 59832,
        "temperatureF": 95.36,
        "localTime": "2020-08-07 15:19:00"
      }
    },
    {
      "type": "Feature",
      "geometry": {
        "type": "Point",
        "coordinates": [
          -95.4041883333249,
          29.6950450000268
        ]
      },
      "properties": {
        "id": 59833,
        "temperatureF": 95.18,
        "localTime": "2020-08-07 15:19:00"
      }
    },
    {
      "type": "Feature",
      "geometry": {
        "type": "Point",
        "coordinates": [
          -95.4043000003447,
          29.695015000442
        ]
      },
      "properties": {
        "id": 59834,
        "temperatureF": 95.18,
        "localTime": "2020-08-07 15:19:00"
      }
    },
    {
      "type": "Feature",
      "geometry": {
        "type": "Point",
        "coordinates": [
          -95.4043000003447,
          29.695015000442
        ]
      },
      "properties": {
        "id": 59835,
        "temperatureF": 95.36,
        "localTime": "2020-08-07 15:19:00"
      }
    },
    {
      "type": "Feature",
      "geometry": {
        "type": "Point",
        "coordinates": [
          -95.4045599997442,
          29.6949500001425
        ]
      },
      "properties": {
        "id": 59836,
        "temperatureF": 95.36,
        "localTime": "2020-08-07 15:19:00"
      }
    },
    {
      "type": "Feature",
      "geometry": {
        "type": "Point",
        "coordinates": [
          -95.4046149995825,
          29.6949383332375
        ]
      },
      "properties": {
        "id": 59837,
        "temperatureF": 95.36,
        "localTime": "2020-08-07 15:19:00"
      }
    },
    {
      "type": "Feature",
      "geometry": {
        "type": "Point",
        "coordinates": [
          -95.4046583334153,
          29.6949433334681
        ]
      },
      "properties": {
        "id": 59838,
        "temperatureF": 95.36,
        "localTime": "2020-08-07 15:19:00"
      }
    },
    {
      "type": "Feature",
      "geometry": {
        "type": "Point",
        "coordinates": [
          -95.4046900003432,
          29.6949649999348
        ]
      },
      "properties": {
        "id": 59839,
        "temperatureF": 95.36,
        "localTime": "2020-08-07 15:19:00"
      }
    },
    {
      "type": "Feature",
      "geometry": {
        "type": "Point",
        "coordinates": [
          -95.4046900003432,
          29.6949649999348
        ]
      },
      "properties": {
        "id": 59840,
        "temperatureF": 95.36,
        "localTime": "2020-08-07 15:19:00"
      }
    },
    {
      "type": "Feature",
      "geometry": {
        "type": "Point",
        "coordinates": [
          -95.4047083330231,
          29.6950616662629
        ]
      },
      "properties": {
        "id": 59841,
        "temperatureF": 95.36,
        "localTime": "2020-08-07 15:19:00"
      }
    },
    {
      "type": "Feature",
      "geometry": {
        "type": "Point",
        "coordinates": [
          -95.4047033336919,
          29.6951250001187
        ]
      },
      "properties": {
        "id": 59842,
        "temperatureF": 95.36,
        "localTime": "2020-08-07 15:20:00"
      }
    },
    {
      "type": "Feature",
      "geometry": {
        "type": "Point",
        "coordinates": [
          -95.4046966670176,
          29.6951949997495
        ]
      },
      "properties": {
        "id": 59843,
        "temperatureF": 95.36,
        "localTime": "2020-08-07 15:20:00"
      }
    },
    {
      "type": "Feature",
      "geometry": {
        "type": "Point",
        "coordinates": [
          -95.4046866665564,
          29.6952716669539
        ]
      },
      "properties": {
        "id": 59844,
        "temperatureF": 95.36,
        "localTime": "2020-08-07 15:20:00"
      }
    },
    {
      "type": "Feature",
      "geometry": {
        "type": "Point",
        "coordinates": [
          -95.4046783334383,
          29.6953499997028
        ]
      },
      "properties": {
        "id": 59845,
        "temperatureF": 95.36,
        "localTime": "2020-08-07 15:20:00"
      }
    },
    {
      "type": "Feature",
      "geometry": {
        "type": "Point",
        "coordinates": [
          -95.4046700003202,
          29.6954350000253
        ]
      },
      "properties": {
        "id": 59846,
        "temperatureF": 95.36,
        "localTime": "2020-08-07 15:20:00"
      }
    },
    {
      "type": "Feature",
      "geometry": {
        "type": "Point",
        "coordinates": [
          -95.4046633336459,
          29.6955200003478
        ]
      },
      "properties": {
        "id": 59847,
        "temperatureF": 95.54,
        "localTime": "2020-08-07 15:20:00"
      }
    },
    {
      "type": "Feature",
      "geometry": {
        "type": "Point",
        "coordinates": [
          -95.4046583334153,
          29.6956116664453
        ]
      },
      "properties": {
        "id": 59848,
        "temperatureF": 95.54,
        "localTime": "2020-08-07 15:20:00"
      }
    },
    {
      "type": "Feature",
      "geometry": {
        "type": "Point",
        "coordinates": [
          -95.4046549996285,
          29.6957049998859
        ]
      },
      "properties": {
        "id": 59849,
        "temperatureF": 95.36,
        "localTime": "2020-08-07 15:20:00"
      }
    },
    {
      "type": "Feature",
      "geometry": {
        "type": "Point",
        "coordinates": [
          -95.4046549996285,
          29.6958066664445
        ]
      },
      "properties": {
        "id": 59850,
        "temperatureF": 95.36,
        "localTime": "2020-08-07 15:20:00"
      }
    },
    {
      "type": "Feature",
      "geometry": {
        "type": "Point",
        "coordinates": [
          -95.4046583334153,
          29.6959066665594
        ]
      },
      "properties": {
        "id": 59851,
        "temperatureF": 95.36,
        "localTime": "2020-08-07 15:20:00"
      }
    },
    {
      "type": "Feature",
      "geometry": {
        "type": "Point",
        "coordinates": [
          -95.4046650000897,
          29.6960083331181
        ]
      },
      "properties": {
        "id": 59852,
        "temperatureF": 95.36,
        "localTime": "2020-08-07 15:20:00"
      }
    },
    {
      "type": "Feature",
      "geometry": {
        "type": "Point",
        "coordinates": [
          -95.404671666764,
          29.6961099996768
        ]
      },
      "properties": {
        "id": 59853,
        "temperatureF": 95.36,
        "localTime": "2020-08-07 15:20:00"
      }
    },
    {
      "type": "Feature",
      "geometry": {
        "type": "Point",
        "coordinates": [
          -95.404679999882,
          29.6962099997917
        ]
      },
      "properties": {
        "id": 59854,
        "temperatureF": 95.36,
        "localTime": "2020-08-07 15:20:00"
      }
    },
    {
      "type": "Feature",
      "geometry": {
        "type": "Point",
        "coordinates": [
          -95.4046900003432,
          29.696304999676
        ]
      },
      "properties": {
        "id": 59855,
        "temperatureF": 95.18,
        "localTime": "2020-08-07 15:20:00"
      }
    },
    {
      "type": "Feature",
      "geometry": {
        "type": "Point",
        "coordinates": [
          -95.4046966670176,
          29.6963883335548
        ]
      },
      "properties": {
        "id": 59856,
        "temperatureF": 95.18,
        "localTime": "2020-08-07 15:20:00"
      }
    },
    {
      "type": "Feature",
      "geometry": {
        "type": "Point",
        "coordinates": [
          -95.4047050001356,
          29.6964616669724
        ]
      },
      "properties": {
        "id": 59857,
        "temperatureF": 95.18,
        "localTime": "2020-08-07 15:20:00"
      }
    },
    {
      "type": "Feature",
      "geometry": {
        "type": "Point",
        "coordinates": [
          -95.4047100003662,
          29.6965300001594
        ]
      },
      "properties": {
        "id": 59858,
        "temperatureF": 95.18,
        "localTime": "2020-08-07 15:20:00"
      }
    },
    {
      "type": "Feature",
      "geometry": {
        "type": "Point",
        "coordinates": [
          -95.4047149996974,
          29.6965849999978
        ]
      },
      "properties": {
        "id": 59859,
        "temperatureF": 95.18,
        "localTime": "2020-08-07 15:20:00"
      }
    },
    {
      "type": "Feature",
      "geometry": {
        "type": "Point",
        "coordinates": [
          -95.4047216663718,
          29.6966366669487
        ]
      },
      "properties": {
        "id": 59860,
        "temperatureF": 95.18,
        "localTime": "2020-08-07 15:20:00"
      }
    },
    {
      "type": "Feature",
      "geometry": {
        "type": "Point",
        "coordinates": [
          -95.4047266666023,
          29.6966816663259
        ]
      },
      "properties": {
        "id": 59861,
        "temperatureF": 95.18,
        "localTime": "2020-08-07 15:20:00"
      }
    },
    {
      "type": "Feature",
      "geometry": {
        "type": "Point",
        "coordinates": [
          -95.4047300003892,
          29.6967166670406
        ]
      },
      "properties": {
        "id": 59862,
        "temperatureF": 95.18,
        "localTime": "2020-08-07 15:20:00"
      }
    },
    {
      "type": "Feature",
      "geometry": {
        "type": "Point",
        "coordinates": [
          -95.4047333332767,
          29.6967433337379
        ]
      },
      "properties": {
        "id": 59863,
        "temperatureF": 95.18,
        "localTime": "2020-08-07 15:20:00"
      }
    },
    {
      "type": "Feature",
      "geometry": {
        "type": "Point",
        "coordinates": [
          -95.4047366670635,
          29.6967683330922
        ]
      },
      "properties": {
        "id": 59864,
        "temperatureF": 95.18,
        "localTime": "2020-08-07 15:20:00"
      }
    },
    {
      "type": "Feature",
      "geometry": {
        "type": "Point",
        "coordinates": [
          -95.4047450001816,
          29.6968450002966
        ]
      },
      "properties": {
        "id": 59865,
        "temperatureF": 95.54,
        "localTime": "2020-08-07 15:20:00"
      }
    },
    {
      "type": "Feature",
      "geometry": {
        "type": "Point",
        "coordinates": [
          -95.4047516668559,
          29.6968833329994
        ]
      },
      "properties": {
        "id": 59866,
        "temperatureF": 95.54,
        "localTime": "2020-08-07 15:20:00"
      }
    },
    {
      "type": "Feature",
      "geometry": {
        "type": "Point",
        "coordinates": [
          -95.4047616664178,
          29.6969299997198
        ]
      },
      "properties": {
        "id": 59867,
        "temperatureF": 95.36,
        "localTime": "2020-08-07 15:20:00"
      }
    },
    {
      "type": "Feature",
      "geometry": {
        "type": "Point",
        "coordinates": [
          -95.4047700004351,
          29.6969866669012
        ]
      },
      "properties": {
        "id": 59868,
        "temperatureF": 95.36,
        "localTime": "2020-08-07 15:20:00"
      }
    },
    {
      "type": "Feature",
      "geometry": {
        "type": "Point",
        "coordinates": [
          -95.4047833328844,
          29.6970533336445
        ]
      },
      "properties": {
        "id": 59869,
        "temperatureF": 95.36,
        "localTime": "2020-08-07 15:20:00"
      }
    },
    {
      "type": "Feature",
      "geometry": {
        "type": "Point",
        "coordinates": [
          -95.4048033329075,
          29.6971333337364
        ]
      },
      "properties": {
        "id": 59870,
        "temperatureF": 95.36,
        "localTime": "2020-08-07 15:20:00"
      }
    },
    {
      "type": "Feature",
      "geometry": {
        "type": "Point",
        "coordinates": [
          -95.4048299996048,
          29.6972233333902
        ]
      },
      "properties": {
        "id": 59871,
        "temperatureF": 95.18,
        "localTime": "2020-08-07 15:20:00"
      }
    },
    {
      "type": "Feature",
      "geometry": {
        "type": "Point",
        "coordinates": [
          -95.4048633329764,
          29.6973183332745
        ]
      },
      "properties": {
        "id": 59872,
        "temperatureF": 95.18,
        "localTime": "2020-08-07 15:20:00"
      }
    },
    {
      "type": "Feature",
      "geometry": {
        "type": "Point",
        "coordinates": [
          -95.4049016665786,
          29.6974116667151
        ]
      },
      "properties": {
        "id": 59873,
        "temperatureF": 95,
        "localTime": "2020-08-07 15:20:00"
      }
    },
    {
      "type": "Feature",
      "geometry": {
        "type": "Point",
        "coordinates": [
          -95.4049416666246,
          29.6975050001557
        ]
      },
      "properties": {
        "id": 59874,
        "temperatureF": 95,
        "localTime": "2020-08-07 15:20:00"
      }
    },
    {
      "type": "Feature",
      "geometry": {
        "type": "Point",
        "coordinates": [
          -95.4049816666706,
          29.6975966662532
        ]
      },
      "properties": {
        "id": 59875,
        "temperatureF": 94.82,
        "localTime": "2020-08-07 15:20:00"
      }
    },
    {
      "type": "Feature",
      "geometry": {
        "type": "Point",
        "coordinates": [
          -95.405024999604,
          29.69768833325
        ]
      },
      "properties": {
        "id": 59876,
        "temperatureF": 94.82,
        "localTime": "2020-08-07 15:20:00"
      }
    },
    {
      "type": "Feature",
      "geometry": {
        "type": "Point",
        "coordinates": [
          -95.4050699998805,
          29.6977816666906
        ]
      },
      "properties": {
        "id": 59877,
        "temperatureF": 94.82,
        "localTime": "2020-08-07 15:20:00"
      }
    },
    {
      "type": "Feature",
      "geometry": {
        "type": "Point",
        "coordinates": [
          -95.4051150001571,
          29.6978766665749
        ]
      },
      "properties": {
        "id": 59878,
        "temperatureF": 94.82,
        "localTime": "2020-08-07 15:20:00"
      }
    },
    {
      "type": "Feature",
      "geometry": {
        "type": "Point",
        "coordinates": [
          -95.4051616668774,
          29.6979750002461
        ]
      },
      "properties": {
        "id": 59879,
        "temperatureF": 94.64,
        "localTime": "2020-08-07 15:20:00"
      }
    },
    {
      "type": "Feature",
      "geometry": {
        "type": "Point",
        "coordinates": [
          -95.4052100000414,
          29.6980766668047
        ]
      },
      "properties": {
        "id": 59880,
        "temperatureF": 94.64,
        "localTime": "2020-08-07 15:20:00"
      }
    },
    {
      "type": "Feature",
      "geometry": {
        "type": "Point",
        "coordinates": [
          -95.4052616669923,
          29.6981716666891
        ]
      },
      "properties": {
        "id": 59881,
        "temperatureF": 94.64,
        "localTime": "2020-08-07 15:20:00"
      }
    },
    {
      "type": "Feature",
      "geometry": {
        "type": "Point",
        "coordinates": [
          -95.4053150003869,
          29.6982616663429
        ]
      },
      "properties": {
        "id": 59882,
        "temperatureF": 94.64,
        "localTime": "2020-08-07 15:20:00"
      }
    },
    {
      "type": "Feature",
      "geometry": {
        "type": "Point",
        "coordinates": [
          -95.4053666664385,
          29.6983466666654
        ]
      },
      "properties": {
        "id": 59883,
        "temperatureF": 94.46,
        "localTime": "2020-08-07 15:20:00"
      }
    },
    {
      "type": "Feature",
      "geometry": {
        "type": "Point",
        "coordinates": [
          -95.4054133331588,
          29.698420000083
        ]
      },
      "properties": {
        "id": 59884,
        "temperatureF": 94.46,
        "localTime": "2020-08-07 15:20:00"
      }
    },
    {
      "type": "Feature",
      "geometry": {
        "type": "Point",
        "coordinates": [
          -95.4054500003172,
          29.6984783337082
        ]
      },
      "properties": {
        "id": 59885,
        "temperatureF": 94.46,
        "localTime": "2020-08-07 15:21:00"
      }
    },
    {
      "type": "Feature",
      "geometry": {
        "type": "Point",
        "coordinates": [
          -95.4054833336888,
          29.698528333316
        ]
      },
      "properties": {
        "id": 59886,
        "temperatureF": 94.46,
        "localTime": "2020-08-07 15:21:00"
      }
    },
    {
      "type": "Feature",
      "geometry": {
        "type": "Point",
        "coordinates": [
          -95.4055783335732,
          29.6986633332462
        ]
      },
      "properties": {
        "id": 59887,
        "temperatureF": 94.64,
        "localTime": "2020-08-07 15:21:00"
      }
    },
    {
      "type": "Feature",
      "geometry": {
        "type": "Point",
        "coordinates": [
          -95.4056850003624,
          29.6987966667328
        ]
      },
      "properties": {
        "id": 59888,
        "temperatureF": 94.46,
        "localTime": "2020-08-07 15:21:00"
      }
    },
    {
      "type": "Feature",
      "geometry": {
        "type": "Point",
        "coordinates": [
          -95.4057133335035,
          29.6988483336837
        ]
      },
      "properties": {
        "id": 59889,
        "temperatureF": 94.46,
        "localTime": "2020-08-07 15:21:00"
      }
    },
    {
      "type": "Feature",
      "geometry": {
        "type": "Point",
        "coordinates": [
          -95.4057149999472,
          29.6988983332915
        ]
      },
      "properties": {
        "id": 59890,
        "temperatureF": 94.64,
        "localTime": "2020-08-07 15:21:00"
      }
    },
    {
      "type": "Feature",
      "geometry": {
        "type": "Point",
        "coordinates": [
          -95.4056883332499,
          29.6989500002423
        ]
      },
      "properties": {
        "id": 59891,
        "temperatureF": 94.64,
        "localTime": "2020-08-07 15:21:00"
      }
    },
    {
      "type": "Feature",
      "geometry": {
        "type": "Point",
        "coordinates": [
          -95.4056433329734,
          29.699011666755
        ]
      },
      "properties": {
        "id": 59892,
        "temperatureF": 94.46,
        "localTime": "2020-08-07 15:21:00"
      }
    },
    {
      "type": "Feature",
      "geometry": {
        "type": "Point",
        "coordinates": [
          -95.4056066667143,
          29.6990883330602
        ]
      },
      "properties": {
        "id": 59893,
        "temperatureF": 94.46,
        "localTime": "2020-08-07 15:21:00"
      }
    },
    {
      "type": "Feature",
      "geometry": {
        "type": "Point",
        "coordinates": [
          -95.4055800000169,
          29.6991850002876
        ]
      },
      "properties": {
        "id": 59894,
        "temperatureF": 94.46,
        "localTime": "2020-08-07 15:21:00"
      }
    },
    {
      "type": "Feature",
      "geometry": {
        "type": "Point",
        "coordinates": [
          -95.4055366670835,
          29.6992616665927
        ]
      },
      "properties": {
        "id": 59895,
        "temperatureF": 94.46,
        "localTime": "2020-08-07 15:21:00"
      }
    },
    {
      "type": "Feature",
      "geometry": {
        "type": "Point",
        "coordinates": [
          -95.4054816663458,
          29.6993433331284
        ]
      },
      "properties": {
        "id": 59896,
        "temperatureF": 94.28,
        "localTime": "2020-08-07 15:21:00"
      }
    },
    {
      "type": "Feature",
      "geometry": {
        "type": "Point",
        "coordinates": [
          -95.4054233336199,
          29.6994266670071
        ]
      },
      "properties": {
        "id": 59897,
        "temperatureF": 94.28,
        "localTime": "2020-08-07 15:21:00"
      }
    },
    {
      "type": "Feature",
      "geometry": {
        "type": "Point",
        "coordinates": [
          -95.4053533330898,
          29.6995200004477
        ]
      },
      "properties": {
        "id": 59898,
        "temperatureF": 94.1,
        "localTime": "2020-08-07 15:21:00"
      }
    },
    {
      "type": "Feature",
      "geometry": {
        "type": "Point",
        "coordinates": [
          -95.405283333459,
          29.6996166667758
        ]
      },
      "properties": {
        "id": 59899,
        "temperatureF": 94.1,
        "localTime": "2020-08-07 15:21:00"
      }
    },
    {
      "type": "Feature",
      "geometry": {
        "type": "Point",
        "coordinates": [
          -95.4052166667158,
          29.6997183333345
        ]
      },
      "properties": {
        "id": 59900,
        "temperatureF": 94.1,
        "localTime": "2020-08-07 15:21:00"
      }
    },
    {
      "type": "Feature",
      "geometry": {
        "type": "Point",
        "coordinates": [
          -95.4051449997419,
          29.6998183334494
        ]
      },
      "properties": {
        "id": 59901,
        "temperatureF": 94.1,
        "localTime": "2020-08-07 15:21:00"
      }
    },
    {
      "type": "Feature",
      "geometry": {
        "type": "Point",
        "coordinates": [
          -95.4050733336674,
          29.6999149997775
        ]
      },
      "properties": {
        "id": 59902,
        "temperatureF": 94.1,
        "localTime": "2020-08-07 15:21:00"
      }
    },
    {
      "type": "Feature",
      "geometry": {
        "type": "Point",
        "coordinates": [
          -95.4049983329067,
          29.7000116670049
        ]
      },
      "properties": {
        "id": 59903,
        "temperatureF": 94.1,
        "localTime": "2020-08-07 15:21:00"
      }
    },
    {
      "type": "Feature",
      "geometry": {
        "type": "Point",
        "coordinates": [
          -95.4049149999273,
          29.7001050004455
        ]
      },
      "properties": {
        "id": 59904,
        "temperatureF": 94.28,
        "localTime": "2020-08-07 15:21:00"
      }
    },
    {
      "type": "Feature",
      "geometry": {
        "type": "Point",
        "coordinates": [
          -95.4048250002735,
          29.7001916663124
        ]
      },
      "properties": {
        "id": 59905,
        "temperatureF": 94.28,
        "localTime": "2020-08-07 15:21:00"
      }
    },
    {
      "type": "Feature",
      "geometry": {
        "type": "Point",
        "coordinates": [
          -95.4047333332767,
          29.7002750001911
        ]
      },
      "properties": {
        "id": 59906,
        "temperatureF": 94.46,
        "localTime": "2020-08-07 15:21:00"
      }
    },
    {
      "type": "Feature",
      "geometry": {
        "type": "Point",
        "coordinates": [
          -95.4046366669486,
          29.7003550002831
        ]
      },
      "properties": {
        "id": 59907,
        "temperatureF": 94.46,
        "localTime": "2020-08-07 15:21:00"
      }
    },
    {
      "type": "Feature",
      "geometry": {
        "type": "Point",
        "coordinates": [
          -95.4045416670642,
          29.7004283337007
        ]
      },
      "properties": {
        "id": 59908,
        "temperatureF": 94.64,
        "localTime": "2020-08-07 15:21:00"
      }
    },
    {
      "type": "Feature",
      "geometry": {
        "type": "Point",
        "coordinates": [
          -95.4044466662806,
          29.7005050000058
        ]
      },
      "properties": {
        "id": 59909,
        "temperatureF": 94.64,
        "localTime": "2020-08-07 15:21:00"
      }
    },
    {
      "type": "Feature",
      "geometry": {
        "type": "Point",
        "coordinates": [
          -95.404346667065,
          29.7005766669797
        ]
      },
      "properties": {
        "id": 59910,
        "temperatureF": 94.82,
        "localTime": "2020-08-07 15:21:00"
      }
    },
    {
      "type": "Feature",
      "geometry": {
        "type": "Point",
        "coordinates": [
          -95.4042433331633,
          29.7006466666105
        ]
      },
      "properties": {
        "id": 59911,
        "temperatureF": 94.82,
        "localTime": "2020-08-07 15:21:00"
      }
    },
    {
      "type": "Feature",
      "geometry": {
        "type": "Point",
        "coordinates": [
          -95.4041383337171,
          29.7007133333537
        ]
      },
      "properties": {
        "id": 59912,
        "temperatureF": 94.82,
        "localTime": "2020-08-07 15:21:00"
      }
    },
    {
      "type": "Feature",
      "geometry": {
        "type": "Point",
        "coordinates": [
          -95.4040250002535,
          29.7007899996588
        ]
      },
      "properties": {
        "id": 59913,
        "temperatureF": 94.82,
        "localTime": "2020-08-07 15:21:00"
      }
    },
    {
      "type": "Feature",
      "geometry": {
        "type": "Point",
        "coordinates": [
          -95.4037900002083,
          29.7009200002578
        ]
      },
      "properties": {
        "id": 59914,
        "temperatureF": 94.64,
        "localTime": "2020-08-07 15:21:00"
      }
    },
    {
      "type": "Feature",
      "geometry": {
        "type": "Point",
        "coordinates": [
          -95.4036716665142,
          29.7009750000962
        ]
      },
      "properties": {
        "id": 59915,
        "temperatureF": 94.64,
        "localTime": "2020-08-07 15:21:00"
      }
    },
    {
      "type": "Feature",
      "geometry": {
        "type": "Point",
        "coordinates": [
          -95.4035550001631,
          29.7010266670471
        ]
      },
      "properties": {
        "id": 59916,
        "temperatureF": 94.64,
        "localTime": "2020-08-07 15:21:00"
      }
    },
    {
      "type": "Feature",
      "geometry": {
        "type": "Point",
        "coordinates": [
          -95.403436666469,
          29.7010750002111
        ]
      },
      "properties": {
        "id": 59917,
        "temperatureF": 94.64,
        "localTime": "2020-08-07 15:21:00"
      }
    },
    {
      "type": "Feature",
      "geometry": {
        "type": "Point",
        "coordinates": [
          -95.4032033337668,
          29.7011599996343
        ]
      },
      "properties": {
        "id": 59918,
        "temperatureF": 94.82,
        "localTime": "2020-08-07 15:21:00"
      }
    },
    {
      "type": "Feature",
      "geometry": {
        "type": "Point",
        "coordinates": [
          -95.4030833336289,
          29.7011983332366
        ]
      },
      "properties": {
        "id": 59919,
        "temperatureF": 94.64,
        "localTime": "2020-08-07 15:21:00"
      }
    },
    {
      "type": "Feature",
      "geometry": {
        "type": "Point",
        "coordinates": [
          -95.4029716666091,
          29.7012333330519
        ]
      },
      "properties": {
        "id": 59920,
        "temperatureF": 94.64,
        "localTime": "2020-08-07 15:21:00"
      }
    },
    {
      "type": "Feature",
      "geometry": {
        "type": "Point",
        "coordinates": [
          -95.4028700000504,
          29.7012683337666
        ]
      },
      "properties": {
        "id": 59921,
        "temperatureF": 94.82,
        "localTime": "2020-08-07 15:21:00"
      }
    },
    {
      "type": "Feature",
      "geometry": {
        "type": "Point",
        "coordinates": [
          -95.4027766666099,
          29.7012983333515
        ]
      },
      "properties": {
        "id": 59922,
        "temperatureF": 94.82,
        "localTime": "2020-08-07 15:21:00"
      }
    },
    {
      "type": "Feature",
      "geometry": {
        "type": "Point",
        "coordinates": [
          -95.4026933336304,
          29.7013250000488
        ]
      },
      "properties": {
        "id": 59923,
        "temperatureF": 94.64,
        "localTime": "2020-08-07 15:21:00"
      }
    },
    {
      "type": "Feature",
      "geometry": {
        "type": "Point",
        "coordinates": [
          -95.4026216666566,
          29.7013483329592
        ]
      },
      "properties": {
        "id": 59924,
        "temperatureF": 94.64,
        "localTime": "2020-08-07 15:21:00"
      }
    },
    {
      "type": "Feature",
      "geometry": {
        "type": "Point",
        "coordinates": [
          -95.4025633330314,
          29.7013683329822
        ]
      },
      "properties": {
        "id": 59925,
        "temperatureF": 94.64,
        "localTime": "2020-08-07 15:21:00"
      }
    },
    {
      "type": "Feature",
      "geometry": {
        "type": "Point",
        "coordinates": [
          -95.4025183336541,
          29.701383333674
        ]
      },
      "properties": {
        "id": 59926,
        "temperatureF": 94.64,
        "localTime": "2020-08-07 15:21:00"
      }
    },
    {
      "type": "Feature",
      "geometry": {
        "type": "Point",
        "coordinates": [
          -95.4024850002825,
          29.7013916667921
        ]
      },
      "properties": {
        "id": 59927,
        "temperatureF": 94.64,
        "localTime": "2020-08-07 15:21:00"
      }
    },
    {
      "type": "Feature",
      "geometry": {
        "type": "Point",
        "coordinates": [
          -95.4024366662192,
          29.7014133332587
        ]
      },
      "properties": {
        "id": 59928,
        "temperatureF": 95.36,
        "localTime": "2020-08-07 15:22:00"
      }
    },
    {
      "type": "Feature",
      "geometry": {
        "type": "Point",
        "coordinates": [
          -95.4023883330551,
          29.7014149997025
        ]
      },
      "properties": {
        "id": 59929,
        "temperatureF": 95.36,
        "localTime": "2020-08-07 15:22:00"
      }
    },
    {
      "type": "Feature",
      "geometry": {
        "type": "Point",
        "coordinates": [
          -95.4023300003292,
          29.7014250001637
        ]
      },
      "properties": {
        "id": 59930,
        "temperatureF": 95.18,
        "localTime": "2020-08-07 15:22:00"
      }
    },
    {
      "type": "Feature",
      "geometry": {
        "type": "Point",
        "coordinates": [
          -95.4022616662429,
          29.7014366670686
        ]
      },
      "properties": {
        "id": 59931,
        "temperatureF": 95.18,
        "localTime": "2020-08-07 15:22:00"
      }
    },
    {
      "type": "Feature",
      "geometry": {
        "type": "Point",
        "coordinates": [
          -95.4021950003989,
          29.7014566670916
        ]
      },
      "properties": {
        "id": 59932,
        "temperatureF": 95.36,
        "localTime": "2020-08-07 15:22:00"
      }
    },
    {
      "type": "Feature",
      "geometry": {
        "type": "Point",
        "coordinates": [
          -95.4021300000994,
          29.7014883331201
        ]
      },
      "properties": {
        "id": 59933,
        "temperatureF": 95.36,
        "localTime": "2020-08-07 15:22:00"
      }
    },
    {
      "type": "Feature",
      "geometry": {
        "type": "Point",
        "coordinates": [
          -95.4020916664972,
          29.7015450003016
        ]
      },
      "properties": {
        "id": 59934,
        "temperatureF": 95.36,
        "localTime": "2020-08-07 15:22:00"
      }
    },
    {
      "type": "Feature",
      "geometry": {
        "type": "Point",
        "coordinates": [
          -95.4020716664742,
          29.7016149999324
        ]
      },
      "properties": {
        "id": 59935,
        "temperatureF": 95.36,
        "localTime": "2020-08-07 15:22:00"
      }
    },
    {
      "type": "Feature",
      "geometry": {
        "type": "Point",
        "coordinates": [
          -95.4020766667048,
          29.7016950000243
        ]
      },
      "properties": {
        "id": 59936,
        "temperatureF": 95.36,
        "localTime": "2020-08-07 15:22:00"
      }
    },
    {
      "type": "Feature",
      "geometry": {
        "type": "Point",
        "coordinates": [
          -95.4020983331715,
          29.7017783330037
        ]
      },
      "properties": {
        "id": 59937,
        "temperatureF": 95.36,
        "localTime": "2020-08-07 15:22:00"
      }
    },
    {
      "type": "Feature",
      "geometry": {
        "type": "Point",
        "coordinates": [
          -95.4021266663125,
          29.7018633333262
        ]
      },
      "properties": {
        "id": 59938,
        "temperatureF": 95.36,
        "localTime": "2020-08-07 15:22:00"
      }
    },
    {
      "type": "Feature",
      "geometry": {
        "type": "Point",
        "coordinates": [
          -95.4021583332404,
          29.7019500000925
        ]
      },
      "properties": {
        "id": 59939,
        "temperatureF": 95.36,
        "localTime": "2020-08-07 15:22:00"
      }
    },
    {
      "type": "Feature",
      "geometry": {
        "type": "Point",
        "coordinates": [
          -95.4021933330558,
          29.7020399997463
        ]
      },
      "properties": {
        "id": 59940,
        "temperatureF": 95.54,
        "localTime": "2020-08-07 15:22:00"
      }
    },
    {
      "type": "Feature",
      "geometry": {
        "type": "Point",
        "coordinates": [
          -95.4022283337706,
          29.7021383334174
        ]
      },
      "properties": {
        "id": 59941,
        "temperatureF": 95.54,
        "localTime": "2020-08-07 15:22:00"
      }
    },
    {
      "type": "Feature",
      "geometry": {
        "type": "Point",
        "coordinates": [
          -95.402263333586,
          29.7022349997455
        ]
      },
      "properties": {
        "id": 59942,
        "temperatureF": 95.54,
        "localTime": "2020-08-07 15:22:00"
      }
    },
    {
      "type": "Feature",
      "geometry": {
        "type": "Point",
        "coordinates": [
          -95.4022983334013,
          29.7023333334167
        ]
      },
      "properties": {
        "id": 59943,
        "temperatureF": 95.54,
        "localTime": "2020-08-07 15:22:00"
      }
    },
    {
      "type": "Feature",
      "geometry": {
        "type": "Point",
        "coordinates": [
          -95.402331666773,
          29.7024266668573
        ]
      },
      "properties": {
        "id": 59944,
        "temperatureF": 95.54,
        "localTime": "2020-08-07 15:22:00"
      }
    },
    {
      "type": "Feature",
      "geometry": {
        "type": "Point",
        "coordinates": [
          -95.4023683330321,
          29.7025249996291
        ]
      },
      "properties": {
        "id": 59945,
        "temperatureF": 95.54,
        "localTime": "2020-08-07 15:22:00"
      }
    },
    {
      "type": "Feature",
      "geometry": {
        "type": "Point",
        "coordinates": [
          -95.4024050001906,
          29.702624999744
        ]
      },
      "properties": {
        "id": 59946,
        "temperatureF": 95.36,
        "localTime": "2020-08-07 15:22:00"
      }
    },
    {
      "type": "Feature",
      "geometry": {
        "type": "Point",
        "coordinates": [
          -95.4024450002365,
          29.7027283336457
        ]
      },
      "properties": {
        "id": 59947,
        "temperatureF": 95.36,
        "localTime": "2020-08-07 15:22:00"
      }
    },
    {
      "type": "Feature",
      "geometry": {
        "type": "Point",
        "coordinates": [
          -95.4024816664957,
          29.702835000435
        ]
      },
      "properties": {
        "id": 59948,
        "temperatureF": 95.36,
        "localTime": "2020-08-07 15:22:00"
      }
    },
    {
      "type": "Feature",
      "geometry": {
        "type": "Point",
        "coordinates": [
          -95.4025133334235,
          29.7029399998812
        ]
      },
      "properties": {
        "id": 59949,
        "temperatureF": 95.36,
        "localTime": "2020-08-07 15:22:00"
      }
    },
    {
      "type": "Feature",
      "geometry": {
        "type": "Point",
        "coordinates": [
          -95.4025366663341,
          29.7030450002266
        ]
      },
      "properties": {
        "id": 59950,
        "temperatureF": 95.54,
        "localTime": "2020-08-07 15:22:00"
      }
    },
    {
      "type": "Feature",
      "geometry": {
        "type": "Point",
        "coordinates": [
          -95.4025533334695,
          29.703148333229
        ]
      },
      "properties": {
        "id": 59951,
        "temperatureF": 95.54,
        "localTime": "2020-08-07 15:22:00"
      }
    },
    {
      "type": "Feature",
      "geometry": {
        "type": "Point",
        "coordinates": [
          -95.4025816666106,
          29.7033466670151
        ]
      },
      "properties": {
        "id": 59952,
        "temperatureF": 95.54,
        "localTime": "2020-08-07 15:22:00"
      }
    },
    {
      "type": "Feature",
      "geometry": {
        "type": "Point",
        "coordinates": [
          -95.402596666403,
          29.7034333337814
        ]
      },
      "properties": {
        "id": 59953,
        "temperatureF": 95.54,
        "localTime": "2020-08-07 15:22:00"
      }
    },
    {
      "type": "Feature",
      "geometry": {
        "type": "Point",
        "coordinates": [
          -95.4026133335385,
          29.7035116665302
        ]
      },
      "properties": {
        "id": 59954,
        "temperatureF": 95.54,
        "localTime": "2020-08-07 15:22:00"
      }
    },
    {
      "type": "Feature",
      "geometry": {
        "type": "Point",
        "coordinates": [
          -95.4026266668872,
          29.7035799997172
        ]
      },
      "properties": {
        "id": 59955,
        "temperatureF": 95.54,
        "localTime": "2020-08-07 15:22:00"
      }
    },
    {
      "type": "Feature",
      "geometry": {
        "type": "Point",
        "coordinates": [
          -95.4026266668872,
          29.7035799997172
        ]
      },
      "properties": {
        "id": 59956,
        "temperatureF": 95.54,
        "localTime": "2020-08-07 15:22:00"
      }
    },
    {
      "type": "Feature",
      "geometry": {
        "type": "Point",
        "coordinates": [
          -95.4026299997746,
          29.7036816662759
        ]
      },
      "properties": {
        "id": 59957,
        "temperatureF": 95.54,
        "localTime": "2020-08-07 15:22:00"
      }
    },
    {
      "type": "Feature",
      "geometry": {
        "type": "Point",
        "coordinates": [
          -95.4026016666336,
          29.7037166669907
        ]
      },
      "properties": {
        "id": 59958,
        "temperatureF": 95.54,
        "localTime": "2020-08-07 15:22:00"
      }
    },
    {
      "type": "Feature",
      "geometry": {
        "type": "Point",
        "coordinates": [
          -95.4025533334695,
          29.7037450001317
        ]
      },
      "properties": {
        "id": 59959,
        "temperatureF": 95.54,
        "localTime": "2020-08-07 15:22:00"
      }
    },
    {
      "type": "Feature",
      "geometry": {
        "type": "Point",
        "coordinates": [
          -95.4024866667262,
          29.7037683330422
        ]
      },
      "properties": {
        "id": 59960,
        "temperatureF": 95.54,
        "localTime": "2020-08-07 15:22:00"
      }
    },
    {
      "type": "Feature",
      "geometry": {
        "type": "Point",
        "coordinates": [
          -95.4024050001906,
          29.7037783335034
        ]
      },
      "properties": {
        "id": 59961,
        "temperatureF": 95.54,
        "localTime": "2020-08-07 15:22:00"
      }
    },
    {
      "type": "Feature",
      "geometry": {
        "type": "Point",
        "coordinates": [
          -95.4023149996375,
          29.7037949997395
        ]
      },
      "properties": {
        "id": 59962,
        "temperatureF": 95.54,
        "localTime": "2020-08-07 15:22:00"
      }
    },
    {
      "type": "Feature",
      "geometry": {
        "type": "Point",
        "coordinates": [
          -95.4022216670962,
          29.7038149997625
        ]
      },
      "properties": {
        "id": 59963,
        "temperatureF": 95.54,
        "localTime": "2020-08-07 15:22:00"
      }
    },
    {
      "type": "Feature",
      "geometry": {
        "type": "Point",
        "coordinates": [
          -95.402123333425,
          29.7038366662292
        ]
      },
      "properties": {
        "id": 59964,
        "temperatureF": 95.36,
        "localTime": "2020-08-07 15:22:00"
      }
    },
    {
      "type": "Feature",
      "geometry": {
        "type": "Point",
        "coordinates": [
          -95.4020249997539,
          29.7038616664828
        ]
      },
      "properties": {
        "id": 59965,
        "temperatureF": 95.36,
        "localTime": "2020-08-07 15:22:00"
      }
    },
    {
      "type": "Feature",
      "geometry": {
        "type": "Point",
        "coordinates": [
          -95.401924999639,
          29.7038866667363
        ]
      },
      "properties": {
        "id": 59966,
        "temperatureF": 95.36,
        "localTime": "2020-08-07 15:22:00"
      }
    },
    {
      "type": "Feature",
      "geometry": {
        "type": "Point",
        "coordinates": [
          -95.4018250004234,
          29.7039116669899
        ]
      },
      "properties": {
        "id": 59967,
        "temperatureF": 95.36,
        "localTime": "2020-08-07 15:22:00"
      }
    },
    {
      "type": "Feature",
      "geometry": {
        "type": "Point",
        "coordinates": [
          -95.4017200000779,
          29.7039333334566
        ]
      },
      "properties": {
        "id": 59968,
        "temperatureF": 95.36,
        "localTime": "2020-08-07 15:23:00"
      }
    },
    {
      "type": "Feature",
      "geometry": {
        "type": "Point",
        "coordinates": [
          -95.4016133332886,
          29.7039600001539
        ]
      },
      "properties": {
        "id": 59969,
        "temperatureF": 95.36,
        "localTime": "2020-08-07 15:23:00"
      }
    },
    {
      "type": "Feature",
      "geometry": {
        "type": "Point",
        "coordinates": [
          -95.4015050000557,
          29.7039833330644
        ]
      },
      "properties": {
        "id": 59970,
        "temperatureF": 95.36,
        "localTime": "2020-08-07 15:23:00"
      }
    }
  ]
}